time,tavg,tmin,tmax,prcp,snow,wdir,wspd,wpgt,pres,tsun
2018-07-21,22.0,15.3,28.1,,,328.0,3.7,,1012.0,
2018-07-22,22.9,16.7,29.8,,,75.0,3.9,,1011.4,
2018-07-23,23.2,17.5,30.3,,,341.0,4.3,,1010.5,
2018-07-24,23.7,18.3,31.4,,,291.0,4.9,,1011.3,
2018-07-25,23.0,15.3,30.2,,,314.0,4.7,,1013.1,
2018-07-26,22.5,17.9,28.9,,,299.0,4.5,,1012.4,
2018-07-27,21.7,16.1,30.1,,,157.0,4.0,,1012.8,
2018-07-28,20.7,15.9,27.5,,,110.0,3.8,,1014.1,
2018-07-29,20.7,14.6,28.2,,,338.0,3.8,,1014.4,
2018-07-30,22.3,16.9,29.4,,,332.0,4.5,,1011.4,
2018-07-31,22.3,17.5,29.2,,,319.0,4.3,,1010.9,
2018-08-01,21.8,16.1,28.1,,,18.0,4.0,,1012.0,
2018-08-02,21.8,16.9,27.6,,,41.0,4.1,,1011.2,
2018-08-03,22.3,16.4,28.6,,,50.0,3.8,,1010.2,
2018-08-04,22.4,16.7,29.4,,,138.0,4.0,,1009.4,
2018-08-05,21.1,16.7,26.4,,,103.0,3.7,,1010.3,
2018-08-06,20.5,16.8,26.7,,,100.0,3.8,,1011.4,
2018-08-07,20.2,16.8,25.9,,,119.0,3.4,,1012.2,
2018-08-08,20.7,16.8,26.3,,,,3.7,,1011.9,
2018-08-09,20.4,14.5,27.7,,,52.0,3.9,,1012.7,
2018-08-10,20.2,15.8,27.3,,,157.0,3.5,,1013.6,
2018-08-11,20.9,16.3,27.0,,,309.0,3.9,,1013.2,
2018-08-12,21.5,16.8,27.6,,,316.0,4.3,,1013.0,
2018-08-13,20.6,17.1,25.5,,,214.0,3.7,,1012.8,
2018-08-14,20.3,16.5,26.9,,,174.0,3.3,,1011.9,
2018-08-15,20.6,16.4,26.3,,,271.0,3.7,,1012.8,
2018-08-16,21.1,16.5,27.6,,,346.0,3.8,,1013.8,
2018-08-17,21.2,16.4,28.3,,,39.0,3.4,,1014.6,
2018-08-18,21.6,16.1,27.8,,,342.0,4.2,,1014.2,
2018-08-19,21.7,17.5,27.9,,,313.0,3.9,,1011.3,
2018-08-20,22.1,17.5,29.5,,,323.0,4.0,,1011.0,
2018-08-21,21.4,17.3,26.3,,,92.0,3.6,,1012.7,
2018-08-22,20.7,16.8,26.6,,,88.0,3.7,,1015.1,
2018-08-23,20.9,16.3,26.7,,,77.0,3.6,,1014.8,
2018-08-24,21.0,16.6,26.7,,,9.0,3.7,,1011.7,
2018-08-25,21.2,15.4,27.9,,,36.0,3.8,,1011.5,
2018-08-26,21.0,16.0,27.0,,,62.0,3.7,,1011.9,
2018-08-27,20.8,15.9,26.7,,,282.0,3.5,,1011.9,
2018-08-28,20.9,16.1,26.9,,,309.0,3.6,,1011.2,
2018-08-29,20.2,16.5,25.5,,,23.0,3.2,,1012.7,
2018-08-30,19.7,16.1,24.6,,,14.0,3.1,,1013.3,
2018-08-31,20.0,16.8,25.1,,,102.0,3.3,,1011.8,
2018-09-01,20.3,16.9,25.8,,,347.0,3.4,,1010.9,
2018-09-02,20.5,16.5,26.3,,,327.0,3.2,,1010.8,
2018-09-03,20.9,17.3,27.7,,,27.0,3.4,,1009.9,
2018-09-04,21.0,15.9,27.4,,,39.0,3.2,,1009.6,
2018-09-05,21.1,16.2,27.4,,,7.0,3.7,,1010.4,
2018-09-06,20.5,16.8,25.1,,,58.0,3.6,,1011.6,
2018-09-07,20.4,16.8,27.5,,,346.0,3.3,,1012.2,
2018-09-08,20.5,16.2,26.3,,,322.0,3.9,,1011.4,
2018-09-09,20.8,15.7,26.9,,,308.0,4.9,,1009.6,
2018-09-10,20.6,17.1,25.6,,,311.0,4.0,,1008.7,
2018-09-11,20.5,17.7,25.6,,,,3.0,,1009.1,
2018-09-12,20.7,16.4,26.3,,,350.0,3.3,,1009.8,
2018-09-13,20.7,17.7,25.1,,,354.0,3.2,,1008.7,
2018-09-14,20.9,17.2,26.9,,,122.0,3.0,,1008.8,
2018-09-15,20.8,17.1,26.5,,,65.0,2.9,,1009.4,
2018-09-16,20.0,17.2,24.9,,,349.0,3.0,,1010.1,
2018-09-17,20.1,16.7,24.9,,,,2.7,,1011.1,
2018-09-18,19.9,16.0,25.1,,,29.0,3.3,,1011.3,
2018-09-19,20.3,16.3,27.1,,,,2.8,,1010.9,
2018-09-20,21.1,16.5,27.3,,,338.0,3.5,,1010.9,
2018-09-21,22.0,17.1,28.7,,,14.0,3.6,,1009.7,
2018-09-22,22.0,18.1,28.9,,,39.0,3.7,,1009.0,
2018-09-23,21.2,16.4,26.5,,,93.0,3.6,,1009.5,
2018-09-24,21.1,16.9,26.9,,,354.0,3.2,,1009.4,
2018-09-25,21.3,16.4,26.5,,,1.0,3.5,,1009.7,
2018-09-26,20.9,16.3,26.2,,,33.0,3.6,,1010.3,
2018-09-27,20.4,16.3,26.4,,,343.0,3.8,,1010.4,
2018-09-28,20.4,16.4,26.2,,,25.0,3.0,,1010.8,
2018-09-29,20.2,16.3,24.2,,,20.0,3.0,,1011.6,
2018-09-30,20.5,16.4,26.5,,,39.0,3.1,,1011.7,
2018-10-01,20.9,17.3,26.8,,,38.0,3.2,,1011.8,
2018-10-02,20.8,16.3,26.9,,,82.0,3.6,,1012.1,
2018-10-03,20.7,15.6,25.9,,,47.0,3.3,,1011.0,
2018-10-04,20.9,15.6,26.3,,,74.0,3.6,,1010.1,
2018-10-05,20.4,16.5,26.9,,,61.0,3.3,,1009.7,
2018-10-06,20.0,16.4,24.6,,,316.0,3.7,,1009.4,
2018-10-07,19.7,15.9,24.4,,,315.0,3.7,,1009.4,
2018-10-08,19.9,16.2,25.3,,,300.0,4.4,,1008.0,
2018-10-09,19.5,13.3,25.1,,,298.0,4.7,,1007.6,
2018-10-10,19.1,13.0,25.5,,,302.0,3.8,,1009.4,
2018-10-11,20.0,13.8,26.9,,,308.0,3.6,,1010.3,
2018-10-12,21.0,16.7,26.6,,,316.0,3.8,,1010.0,
2018-10-13,21.0,16.5,26.9,,,310.0,4.9,,1008.6,
2018-10-14,20.3,16.3,25.3,,,311.0,3.7,,1008.6,
2018-10-15,20.2,17.2,24.5,,,354.0,3.0,,1008.4,
2018-10-16,19.9,17.1,24.9,,,92.0,3.0,,1008.5,
2018-10-17,20.4,16.9,27.8,,,81.0,3.3,,1009.9,
2018-10-18,20.1,16.4,25.9,,,85.0,4.3,,1011.6,
2018-10-19,20.2,16.1,26.6,,,92.0,3.7,,1011.5,
2018-10-20,20.3,16.5,26.4,,,79.0,3.7,,1010.7,
2018-10-21,19.6,16.8,23.7,,,,3.8,,1011.4,
2018-10-22,18.7,16.7,22.4,,,103.0,4.7,,1011.3,
2018-10-23,18.5,16.2,22.3,,,118.0,4.5,,1011.7,
2018-10-24,19.4,16.1,24.1,,,,3.9,,1012.3,
2018-10-25,20.0,16.0,25.7,,,324.0,4.3,,1011.2,
2018-10-26,20.2,16.0,25.9,,,302.0,3.7,,1009.9,
2018-10-27,19.9,15.1,27.4,,,344.0,3.3,,1011.1,
2018-10-28,19.9,14.9,26.3,,,80.0,3.3,,1014.0,
2018-10-29,19.6,14.5,25.7,,,71.0,3.1,,1014.4,
2018-10-30,19.6,12.8,26.9,,,320.0,3.7,,1012.9,
2018-10-31,19.3,14.3,25.3,,,312.0,4.1,,1012.3,
2018-11-01,18.9,14.3,23.4,,,310.0,3.9,,1012.0,
2018-11-02,18.4,14.2,23.9,,,299.0,3.0,,1012.5,
2018-11-03,17.7,14.1,22.6,,,,2.8,,1012.6,
2018-11-04,16.3,14.0,19.4,,,,3.3,,1013.7,
2018-11-05,17.6,14.2,22.5,,,,3.2,,1012.8,
2018-11-06,18.5,11.5,26.3,,,,2.8,,1012.0,
2018-11-07,19.5,13.1,27.5,,,319.0,3.6,,1011.4,
2018-11-08,19.9,13.7,27.4,,,314.0,4.1,,1010.8,
2018-11-09,19.4,12.2,27.6,,,311.0,3.8,,1010.9,
2018-11-10,19.0,13.2,25.5,,,344.0,3.3,,1012.3,
2018-11-11,19.3,14.0,26.3,,,,3.9,,1012.6,
2018-11-12,17.8,12.2,23.5,,,,3.2,,1012.8,
2018-11-13,16.8,11.3,24.3,,,,3.5,,1014.2,
2018-11-14,13.3,7.1,19.1,,,93.0,4.0,,1019.3,
2018-11-15,13.3,6.1,22.4,,,94.0,3.3,,1018.1,
2018-11-16,14.0,7.0,22.6,,,,3.2,,1016.3,
2018-11-17,14.3,7.0,22.9,,,,2.9,,1016.2,
2018-11-18,15.5,7.7,25.9,,,,3.6,,1015.4,
2018-11-19,16.2,7.6,25.9,,,,3.2,,1015.0,
2018-11-20,16.7,9.4,25.3,,,,2.8,,1014.6,
2018-11-21,17.9,10.6,26.9,,,281.0,3.3,,1015.6,
2018-11-22,18.2,10.2,27.4,,,299.0,3.6,,1015.6,
2018-11-23,17.8,9.9,27.6,,,,3.8,,1013.5,
2018-11-24,17.7,9.7,26.9,,,,3.7,,1011.2,
2018-11-25,16.6,9.9,24.6,,,,3.9,,1012.0,
2018-11-26,16.0,8.6,25.1,,,248.0,3.3,,1013.9,
2018-11-27,16.4,9.9,23.3,,,,3.2,,1014.0,
2018-11-28,14.5,12.1,16.5,,,53.0,3.8,,1012.7,
2018-11-29,14.2,11.1,18.0,,,98.0,3.3,,1013.8,
2018-11-30,14.6,9.5,22.2,,,172.0,3.3,,1013.8,
2018-12-01,14.5,8.8,22.4,,,228.0,3.3,,1013.0,
2018-12-02,14.4,8.7,22.9,,,,2.9,,1013.1,
2018-12-03,14.4,6.8,24.3,,,,2.9,,1014.5,
2018-12-04,15.7,9.4,25.8,,,,2.8,,1015.1,
2018-12-05,16.9,11.2,25.1,,,274.0,2.8,,1015.6,
2018-12-06,17.7,13.1,24.4,,,13.0,3.1,,1016.5,
2018-12-07,17.6,13.2,23.5,,,332.0,3.5,,1016.6,
2018-12-08,17.1,12.3,23.8,,,291.0,3.2,,1016.6,
2018-12-09,16.1,10.7,23.3,,,296.0,3.2,,1016.9,
2018-12-10,15.6,10.4,23.3,,,,3.0,,1017.2,
2018-12-11,15.8,10.4,23.7,,,277.0,3.3,,1018.2,
2018-12-12,16.3,11.3,22.0,,,,4.1,,1016.8,
2018-12-13,15.7,11.3,21.5,,,,3.8,,1015.0,
2018-12-14,13.3,8.4,21.5,,,,3.4,,1017.6,
2018-12-15,10.9,3.9,20.0,,,100.0,4.0,,1020.7,
2018-12-16,12.0,4.5,21.3,,,,3.1,,1020.4,
2018-12-17,14.2,7.2,23.9,,,,3.2,,1018.4,
2018-12-18,15.3,9.3,23.1,,,227.0,3.7,,1015.1,
2018-12-19,14.0,7.7,22.4,,,245.0,3.9,,1013.4,
2018-12-20,11.7,3.9,21.2,,,114.0,3.1,,1016.8,
2018-12-21,11.3,3.7,21.9,,,,3.0,,1018.3,
2018-12-22,11.3,2.0,23.4,,,,3.1,,1018.5,
2018-12-23,12.0,3.3,23.5,,,,2.7,,1017.8,
2018-12-24,12.2,5.5,20.4,,,,2.3,,1017.9,
2018-12-25,14.0,8.0,22.6,,,,2.7,,1015.5,
2018-12-26,15.7,9.9,24.2,,,,3.6,,1013.1,
2018-12-27,14.2,8.0,21.5,,,228.0,3.8,,1012.4,
2018-12-28,13.1,7.1,20.7,,,196.0,2.8,,1014.1,
2018-12-29,13.9,8.0,21.4,,,,3.1,,1014.5,
2018-12-30,13.9,8.5,21.1,,,211.0,4.2,,1014.3,
2018-12-31,13.7,9.6,19.3,,,,3.0,,1014.3,
2019-01-01,13.6,6.7,21.2,,,,2.8,,1014.1,
2019-01-02,14.8,7.9,22.7,,,,3.0,,1013.7,
2019-01-03,15.0,8.9,23.9,,,,3.3,,1014.3,
2019-01-04,15.8,9.7,24.7,,,,2.7,,1014.6,
2019-01-05,16.7,9.4,25.7,,,,3.0,,1015.3,
2019-01-06,17.4,11.3,25.4,,,298.0,3.7,,1015.7,
2019-01-07,17.4,10.0,26.5,,,336.0,3.2,,1015.0,
2019-01-08,17.7,10.9,27.6,,,16.0,2.6,,1015.1,
2019-01-09,14.9,5.8,24.0,,,141.0,3.4,,1018.5,
2019-01-10,15.4,8.5,23.4,,,42.0,3.3,,1018.6,
2019-01-11,16.6,10.6,23.1,,,272.0,3.7,,1015.2,
2019-01-12,16.3,10.4,23.5,,,292.0,3.0,,1015.5,
2019-01-13,15.9,10.6,25.1,,,253.0,3.0,,1016.1,
2019-01-14,15.9,9.2,24.1,,,,3.1,,1017.3,
2019-01-15,16.0,12.2,21.3,,,,2.6,,1017.4,
2019-01-16,16.3,10.9,23.6,,,,2.7,,1017.3,
2019-01-17,15.6,12.4,19.6,,,4.0,2.8,,1018.1,
2019-01-18,16.2,11.0,22.2,,,301.0,2.7,,1016.3,
2019-01-19,16.3,9.2,24.9,,,340.0,2.7,,1015.1,
2019-01-20,16.0,10.0,23.0,,,90.0,4.0,,1017.3,
2019-01-21,15.8,7.9,25.4,,,286.0,3.3,,1016.4,
2019-01-22,16.9,9.4,25.2,,,265.0,4.2,,1014.2,
2019-01-23,16.9,10.3,25.2,,,303.0,3.9,,1013.5,
2019-01-24,16.1,7.9,25.2,,,285.0,3.3,,1013.5,
2019-01-25,16.7,8.9,25.5,,,251.0,3.9,,1013.7,
2019-01-26,16.6,9.4,24.1,,,253.0,5.3,,1012.5,
2019-01-27,13.1,3.9,23.0,,,105.0,4.6,,1015.9,
2019-01-28,13.2,2.9,23.8,,,239.0,4.5,,1015.1,
2019-01-29,14.2,5.5,24.3,,,270.0,3.6,,1013.5,
2019-01-30,14.8,6.9,24.9,,,218.0,4.2,,1013.3,
2019-01-31,14.1,6.2,23.1,,,230.0,3.8,,1015.0,
2019-02-01,14.8,7.2,24.9,,,,3.7,,1015.2,
2019-02-02,15.9,8.1,25.4,,,258.0,3.4,,1014.4,
2019-02-03,15.9,7.1,26.2,,,,3.7,,1012.8,
2019-02-04,16.9,8.9,26.6,,,,3.2,,1012.1,
2019-02-05,17.3,8.9,28.4,,,,3.1,,1012.3,
2019-02-06,18.3,9.9,29.2,,,260.0,4.1,,1011.8,
2019-02-07,18.1,8.8,27.9,,,288.0,3.7,,1012.0,
2019-02-08,18.3,10.4,27.4,,,162.0,3.5,,1012.2,
2019-02-09,18.6,12.2,25.9,,,65.0,3.6,,1014.2,
2019-02-10,18.8,11.3,26.3,,,298.0,4.7,,1013.2,
2019-02-11,18.8,11.8,25.9,,,282.0,5.2,,1011.9,
2019-02-12,18.4,11.4,26.5,,,,3.6,,1012.0,
2019-02-13,18.3,11.4,26.4,,,195.0,4.4,,1013.9,
2019-02-14,19.3,11.8,27.3,,,262.0,4.7,,1012.6,
2019-02-15,19.8,11.1,29.3,,,258.0,3.9,,1011.7,
2019-02-16,21.1,12.2,31.6,,,256.0,4.5,,1009.0,
2019-02-17,20.7,12.9,29.2,,,279.0,5.3,,1009.1,
2019-02-18,20.0,11.4,29.9,,,245.0,4.7,,1010.2,
2019-02-19,18.7,10.9,27.5,,,244.0,4.9,,1010.2,
2019-02-20,18.2,9.9,27.9,,,214.0,5.2,,1008.7,
2019-02-21,17.2,7.8,26.7,,,204.0,5.5,,1008.8,
2019-02-22,17.7,11.8,25.9,,,257.0,5.2,,1012.1,
2019-02-23,18.4,13.4,24.9,,,212.0,4.0,,1013.3,
2019-02-24,19.4,8.9,29.3,,,205.0,4.1,,1012.3,
2019-02-25,20.1,12.2,28.1,,,258.0,4.2,,1012.8,
2019-02-26,20.8,11.4,29.4,,,285.0,4.9,,1013.2,
2019-02-27,21.0,12.1,29.9,,,289.0,5.2,,1012.1,
2019-02-28,21.0,10.9,31.6,,,282.0,4.8,,1010.1,
2019-03-01,20.8,11.1,30.7,,,288.0,4.7,,1010.5,
2019-03-02,21.3,12.2,30.9,,,301.0,4.8,,1011.6,
2019-03-03,21.6,11.2,31.6,,,281.0,4.6,,1010.1,
2019-03-04,21.5,12.2,32.3,,,263.0,4.7,,1009.1,
2019-03-05,21.9,12.3,32.1,,,265.0,4.3,,1010.5,
2019-03-06,21.8,12.6,30.7,,,255.0,4.3,,1012.4,
2019-03-07,21.9,11.7,30.9,,,301.0,5.0,,1012.4,
2019-03-08,21.8,12.0,31.1,,,294.0,5.1,,1010.4,
2019-03-09,21.6,10.9,31.5,,,286.0,4.8,,1009.2,
2019-03-10,21.4,11.4,31.4,,,302.0,4.6,,1009.4,
2019-03-11,22.3,11.9,33.3,,,231.0,4.3,,1009.3,
2019-03-12,21.7,13.6,29.7,,,261.0,5.0,,1009.8,
2019-03-13,20.4,11.6,28.3,,,260.0,4.9,,1009.5,
2019-03-14,20.7,12.1,30.2,,,232.0,4.0,,1009.4,
2019-03-15,20.9,12.0,30.4,,,209.0,4.6,,1009.3,
2019-03-16,20.0,13.0,27.4,,,209.0,4.8,,1011.1,
2019-03-17,20.2,13.7,27.7,,,249.0,4.6,,1011.3,
2019-03-18,20.2,13.3,28.3,,,,5.6,,1010.2,
2019-03-19,19.6,10.4,28.7,,,256.0,4.6,,1010.9,
2019-03-20,19.3,9.9,27.7,,,237.0,4.5,,1011.9,
2019-03-21,20.1,11.4,29.4,,,177.0,3.8,,1011.9,
2019-03-22,20.0,11.7,28.4,,,219.0,5.2,,1011.9,
2019-03-23,19.8,10.4,28.4,,,265.0,4.4,,1013.1,
2019-03-24,20.9,11.5,30.2,,,253.0,4.3,,1012.7,
2019-03-25,22.2,11.4,31.9,,,266.0,4.1,,1011.0,
2019-03-26,22.5,12.4,32.1,,,160.0,3.9,,1010.1,
2019-03-27,22.0,12.9,31.1,,,104.0,4.0,,1011.6,
2019-03-28,22.5,12.0,31.4,,,297.0,4.8,,1011.8,
2019-03-29,22.4,11.8,31.8,,,284.0,6.0,,1009.7,
2019-03-30,21.6,9.2,32.0,,,283.0,5.3,,1008.5,
2019-03-31,21.7,10.9,31.4,,,254.0,4.7,,1008.0,
2019-04-01,21.4,11.6,30.4,,,267.0,4.7,,1009.7,
2019-04-02,21.4,12.3,30.0,,,240.0,4.6,,1011.4,
2019-04-03,21.3,13.3,29.4,,,252.0,5.0,,1012.6,
2019-04-04,21.1,11.5,29.5,,,290.0,5.0,,1013.6,
2019-04-05,21.3,13.1,28.9,,,258.0,5.4,,1010.9,
2019-04-06,21.0,12.6,29.9,,,241.0,6.0,,1009.7,
2019-04-07,,,,,,,,,,
2019-04-08,21.0,11.6,30.2,,,292.0,4.0,,1010.7,
2019-04-09,21.3,11.6,30.6,,,324.0,4.3,,1010.9,
2019-04-10,21.9,11.4,30.9,,,290.0,5.6,,1009.0,
2019-04-11,21.3,10.2,30.0,,,281.0,6.1,,1007.5,
2019-04-12,20.3,10.3,29.1,,,252.0,5.8,,1006.7,
2019-04-13,19.6,10.8,28.4,,,278.0,6.3,,1007.2,
2019-04-14,19.9,8.6,30.3,,,210.0,3.9,,1008.8,
2019-04-15,21.8,12.3,32.2,,,178.0,4.0,,1008.9,
2019-04-16,22.9,12.4,33.4,,,199.0,5.1,,1010.1,
2019-04-17,23.0,12.6,32.3,,,263.0,5.6,,1009.8,
2019-04-18,22.9,12.2,32.3,,,294.0,5.7,,1007.4,
2019-04-19,22.7,13.7,30.9,,,99.0,5.2,,1009.0,
2019-04-20,23.1,12.3,31.9,,,135.0,5.1,,1010.7,
2019-04-21,23.6,13.9,32.5,,,285.0,5.9,,1010.2,
2019-04-22,23.6,12.2,32.5,,,295.0,5.9,,1009.8,
2019-04-23,23.4,14.1,32.1,,,278.0,5.8,,1008.0,
2019-04-24,22.1,11.6,30.5,,,269.0,6.1,,1007.9,
2019-04-25,22.2,14.0,30.2,,,278.0,4.0,,1008.4,
2019-04-26,23.5,12.8,32.1,,,270.0,4.3,,1009.5,
2019-04-27,23.8,14.9,31.3,,,254.0,4.6,,1008.7,
2019-04-28,23.3,14.7,31.4,,,254.0,5.1,,1008.1,
2019-04-29,23.7,15.9,32.3,,,309.0,5.7,,1008.2,
2019-04-30,24.8,14.4,34.4,,,312.0,5.7,,1007.6,
2019-05-01,25.2,14.8,34.3,,,302.0,5.7,,1007.0,
2019-05-02,25.1,15.8,34.2,,,284.0,6.1,,1006.9,
2019-05-03,24.2,14.4,32.5,,,291.0,6.7,,1006.2,
2019-05-04,23.7,16.1,31.4,,,299.0,6.1,,1005.3,
2019-05-05,23.7,14.5,32.3,,,268.0,6.0,,1005.0,
2019-05-06,22.6,14.4,30.3,,,281.0,6.0,,1007.5,
2019-05-07,22.1,10.2,31.4,,,285.0,6.6,,1009.7,
2019-05-08,21.9,11.2,32.2,,,275.0,6.5,,1008.4,
2019-05-09,22.0,11.3,32.1,,,261.0,5.5,,1006.1,
2019-05-10,22.5,11.4,31.4,,,286.0,6.1,,1006.8,
2019-05-11,23.1,12.6,31.9,,,298.0,6.1,,1007.0,
2019-05-12,22.6,11.8,30.8,,,300.0,6.8,,1007.8,
2019-05-13,22.9,11.9,32.9,,,279.0,5.4,,1008.0,
2019-05-14,23.9,13.5,34.3,,,268.0,5.2,,1007.6,
2019-05-15,23.9,13.0,33.3,,,302.0,4.8,,1007.5,
2019-05-16,24.8,16.1,33.4,,,298.0,5.5,,1007.6,
2019-05-17,24.5,15.5,33.5,,,286.0,6.3,,1007.2,
2019-05-18,24.0,14.3,32.5,,,295.0,7.0,,1006.7,
2019-05-19,24.2,13.3,33.5,,,299.0,6.1,,1006.5,
2019-05-20,24.4,13.9,33.5,,,303.0,6.7,,1006.2,
2019-05-21,24.1,13.4,33.1,,,292.0,7.0,,1005.3,
2019-05-22,24.0,13.6,33.2,,,288.0,5.7,,1005.5,
2019-05-23,24.4,13.8,33.4,,,292.0,5.8,,1006.3,
2019-05-24,25.0,15.5,33.9,,,237.0,4.3,,1006.1,
2019-05-25,25.2,16.3,33.6,,,284.0,4.4,,1006.5,
2019-05-26,25.1,17.1,32.7,,,302.0,5.1,,1007.8,
2019-05-27,24.6,17.6,31.8,,,307.0,5.8,,1006.8,
2019-05-28,24.4,17.9,31.3,,,293.0,7.2,,1005.0,
2019-05-29,24.8,18.1,32.2,,,299.0,7.0,,1003.7,
2019-05-30,24.9,17.2,34.0,,,304.0,6.3,,1004.7,
2019-05-31,24.1,17.9,33.4,,,310.0,4.7,,1005.7,
2019-06-01,24.3,17.0,31.6,,,136.0,4.3,,1006.0,
2019-06-02,24.2,19.1,32.4,,,292.0,4.3,,1005.4,
2019-06-03,23.5,18.4,31.6,,,327.0,4.4,,1006.4,
2019-06-04,23.6,19.1,29.0,,,258.0,5.1,,1006.7,
2019-06-05,23.6,19.1,28.7,,,285.0,5.6,,1007.8,
2019-06-06,24.1,18.5,32.4,,,303.0,5.0,,1008.3,
2019-06-07,24.5,17.7,31.3,,,247.0,4.4,,1006.7,
2019-06-08,23.6,17.9,30.6,,,241.0,4.3,,1007.2,
2019-06-09,25.3,18.0,34.5,,,23.0,4.2,,1008.2,
2019-06-10,26.1,17.2,34.7,,,99.0,5.7,,1009.3,
2019-06-11,25.3,18.6,31.4,,,91.0,5.4,,1010.3,
2019-06-12,24.8,18.9,31.9,,,299.0,5.7,,1008.3,
2019-06-13,24.3,17.6,30.5,,,124.0,4.3,,1009.5,
2019-06-14,24.3,17.5,33.0,,,351.0,5.1,,1010.1,
2019-06-15,23.9,18.4,31.5,,,305.0,5.3,,1008.8,
2019-06-16,23.4,17.8,30.5,,,284.0,4.6,,1007.6,
2019-06-17,22.9,17.5,31.6,,,290.0,4.7,,1008.6,
2019-06-18,22.9,18.4,28.7,,,330.0,4.4,,1010.6,
2019-06-19,22.9,18.6,28.9,,,319.0,4.6,,1010.8,
2019-06-20,23.9,18.7,30.3,,,336.0,5.1,,1009.4,
2019-06-21,24.4,18.8,32.9,,,286.0,5.0,,1008.9,
2019-06-22,24.7,17.9,32.4,,,294.0,5.1,,1009.7,
2019-06-23,24.4,15.7,31.6,,,290.0,5.7,,1008.9,
2019-06-24,24.3,16.7,32.4,,,275.0,5.3,,1007.4,
2019-06-25,23.4,16.4,31.3,,,279.0,4.4,,1008.0,
2019-06-26,22.8,17.7,30.7,,,344.0,4.4,,1010.0,
2019-06-27,22.8,17.9,29.4,,,74.0,4.1,,1011.4,
2019-06-28,23.1,15.8,30.4,,,88.0,4.6,,1011.1,
2019-06-29,22.5,16.7,30.7,,,113.0,4.7,,1011.9,
2019-06-30,21.0,14.8,26.9,,,116.0,4.6,,1012.4,
2019-07-01,20.6,14.6,28.4,,,,4.0,,1012.7,
2019-07-02,20.7,15.5,29.2,,,204.0,3.9,,1012.4,
2019-07-03,21.4,15.4,28.9,,,227.0,3.5,,1011.6,
2019-07-04,21.9,16.4,29.7,,,223.0,4.1,,1011.4,
2019-07-05,21.8,17.8,28.9,,,16.0,3.7,,1013.4,
2019-07-06,23.2,17.6,31.4,,,80.0,4.1,,1012.2,
2019-07-07,23.2,18.3,29.9,,,68.0,4.6,,1011.5,
2019-07-08,22.7,17.2,30.9,,,259.0,4.3,,1011.9,
2019-07-09,22.3,16.6,29.7,,,288.0,4.5,,1012.1,
2019-07-10,23.3,17.5,30.9,,,346.0,4.4,,1010.9,
2019-07-11,23.3,17.2,29.0,,,319.0,4.8,,1009.9,
2019-07-12,21.7,16.7,27.6,,,301.0,3.7,,1009.3,
2019-07-13,21.3,17.3,27.6,,,336.0,4.3,,1010.1,
2019-07-14,21.3,16.9,27.1,,,340.0,4.1,,1010.9,
2019-07-15,21.1,17.9,27.1,,,1.0,3.7,,1011.1,
2019-07-16,21.5,16.3,29.0,,,92.0,3.3,,1011.8,
2019-07-17,21.7,16.2,28.6,,,358.0,3.9,,1011.9,
2019-07-18,21.5,17.5,29.0,,,346.0,3.8,,1011.6,
2019-07-19,20.6,16.9,27.7,,,308.0,3.6,,1011.6,
2019-07-20,19.5,16.6,25.5,,,62.0,3.4,,1012.3,
2019-07-21,19.4,16.1,25.4,,,341.0,3.8,,1013.2,
2019-07-22,20.4,15.9,27.3,,,306.0,4.1,,1013.0,
2019-07-23,20.3,16.5,24.9,,,19.0,3.6,,1013.1,
2019-07-24,20.3,16.8,25.0,,,9.0,3.5,,1013.4,
2019-07-25,20.1,16.4,26.3,,,350.0,3.5,,1013.5,
2019-07-26,20.1,15.9,27.6,,,118.0,3.4,,1014.0,
2019-07-27,20.4,16.8,25.6,,,140.0,3.7,,1014.8,
2019-07-28,21.3,16.9,27.7,,,10.0,3.8,,1014.2,
2019-07-29,20.0,14.6,27.6,,,339.0,4.5,,1013.3,
2019-07-30,20.6,15.5,27.6,,,124.0,3.0,,1013.2,
2019-07-31,21.5,16.1,28.6,,,6.0,3.7,,1012.6,
2019-08-01,21.8,16.4,28.6,,,47.0,3.9,,1011.9,
2019-08-02,22.2,16.8,28.9,,,338.0,4.2,,1011.2,
2019-08-03,22.2,17.1,28.3,,,309.0,4.2,,1010.4,
2019-08-04,21.6,17.9,29.4,,,327.0,3.8,,1011.1,
2019-08-05,21.6,17.8,27.4,,,321.0,3.7,,1011.6,
2019-08-06,21.2,17.0,25.7,,,314.0,4.4,,1011.9,
2019-08-07,20.9,16.6,27.2,,,339.0,3.7,,1011.8,
2019-08-08,19.8,16.4,25.2,,,355.0,3.2,,1012.6,
2019-08-09,21.3,16.5,28.7,,,58.0,3.4,,1011.9,
2019-08-10,21.4,16.5,26.8,,,89.0,3.7,,1010.7,
2019-08-11,21.7,17.2,27.3,,,101.0,3.7,,1012.1,
2019-08-12,22.0,16.1,28.7,,,6.0,4.2,,1011.9,
2019-08-13,22.7,18.2,28.5,,,63.0,4.3,,1010.4,
2019-08-14,22.5,17.1,28.9,,,324.0,4.4,,1010.9,
2019-08-15,22.3,17.2,28.2,,,14.0,3.3,,1012.2,
2019-08-16,22.0,16.2,29.1,,,330.0,4.0,,1012.1,
2019-08-17,22.2,17.8,29.4,,,326.0,4.4,,1010.4,
2019-08-18,23.2,18.9,29.0,,,330.0,4.5,,1009.0,
2019-08-19,23.6,19.4,29.1,,,44.0,4.3,,1008.2,
2019-08-20,23.2,17.2,29.2,,,81.0,4.7,,1008.6,
2019-08-21,22.7,17.9,28.6,,,124.0,4.3,,1009.4,
2019-08-22,21.4,17.5,27.1,,,96.0,4.4,,1011.1,
2019-08-23,21.3,16.7,27.5,,,304.0,5.7,,1011.9,
2019-08-24,21.0,17.7,25.8,,,329.0,4.4,,1012.1,
2019-08-25,21.1,18.0,27.4,,,324.0,4.3,,1011.3,
2019-08-26,20.6,18.0,25.1,,,336.0,3.6,,1010.3,
2019-08-27,20.6,17.0,25.7,,,15.0,3.5,,1010.7,
2019-08-28,20.9,15.9,27.8,,,101.0,3.4,,1012.1,
2019-08-29,21.7,16.3,28.8,,,61.0,3.8,,1012.1,
2019-08-30,21.9,16.8,28.8,,,353.0,3.8,,1011.8,
2019-08-31,21.7,16.6,28.7,,,314.0,3.7,,1011.5,
2019-09-01,22.0,16.4,28.3,,,350.0,4.3,,1011.1,
2019-09-02,21.7,17.3,29.1,,,356.0,4.3,,1011.0,
2019-09-03,21.1,14.8,27.5,,,352.0,4.0,,1010.4,
2019-09-04,21.3,17.4,28.9,,,329.0,4.0,,1009.3,
2019-09-05,21.2,16.9,27.6,,,38.0,3.8,,1012.9,
2019-09-06,20.9,17.7,27.0,,,32.0,3.4,,1013.7,
2019-09-07,20.2,17.3,25.8,,,12.0,3.4,,1013.4,
2019-09-08,19.7,16.8,25.3,,,358.0,3.4,,1013.2,
2019-09-09,20.5,15.3,27.4,,,330.0,3.6,,1012.5,
2019-09-10,20.6,16.6,27.9,,,54.0,3.0,,1012.0,
2019-09-11,21.0,17.0,27.3,,,44.0,3.4,,1012.2,
2019-09-12,21.5,17.4,26.7,,,52.0,3.7,,1010.9,
2019-09-13,21.0,16.9,28.0,,,66.0,3.6,,1011.1,
2019-09-14,21.0,17.2,26.6,,,68.0,3.7,,1012.1,
2019-09-15,21.3,16.3,27.3,,,61.0,3.8,,1011.7,
2019-09-16,22.0,17.4,28.5,,,354.0,3.7,,1010.8,
2019-09-17,22.3,18.0,29.2,,,335.0,3.9,,1009.9,
2019-09-18,21.7,18.3,26.9,,,31.0,3.5,,1009.9,
2019-09-19,20.4,17.8,25.9,,,95.0,3.1,,1010.7,
2019-09-20,20.7,17.1,27.7,,,133.0,3.0,,1010.4,
2019-09-21,21.5,16.9,27.4,,,,3.2,,1010.7,
2019-09-22,22.1,17.9,28.4,,,4.0,3.7,,1010.7,
2019-09-23,22.5,18.2,29.5,,,342.0,4.5,,1010.7,
2019-09-24,22.3,18.1,29.7,,,327.0,4.3,,1009.6,
2019-09-25,21.5,16.4,25.9,,,319.0,4.1,,1010.0,
2019-09-26,21.7,17.7,27.3,,,331.0,4.7,,1009.7,
2019-09-27,22.4,18.5,29.0,,,3.0,4.2,,1006.5,
2019-09-28,22.3,16.9,27.9,,,334.0,3.7,,1005.5,
2019-09-29,20.7,18.6,24.0,,,74.0,4.7,,1006.0,
2019-09-30,19.8,18.0,24.0,,,105.0,4.3,,1009.1,
2019-10-01,20.7,17.1,28.1,,,68.0,3.6,,1008.7,
2019-10-02,20.1,16.4,26.9,,,33.0,3.5,,1009.0,
2019-10-03,20.5,16.2,27.7,,,22.0,3.2,,1010.0,
2019-10-04,21.0,15.8,29.1,,,11.0,3.7,,1011.5,
2019-10-05,21.3,17.4,27.1,,,345.0,4.3,,1011.9,
2019-10-06,22.0,17.7,28.5,,,334.0,4.0,,1010.4,
2019-10-07,22.2,17.7,28.5,,,69.0,4.2,,1009.6,
2019-10-08,20.8,14.5,27.6,,,92.0,3.8,,1010.8,
2019-10-09,21.1,13.5,27.8,,,,3.7,,1009.9,
2019-10-10,22.0,17.4,29.7,,,329.0,3.1,,1008.5,
2019-10-11,22.0,17.8,29.7,,,308.0,3.4,,1008.7,
2019-10-12,21.1,16.5,27.1,,,,3.6,,1009.8,
2019-10-13,21.1,15.7,27.5,,,,3.6,,1009.7,
2019-10-14,21.9,15.9,29.7,,,341.0,3.7,,1009.7,
2019-10-15,22.9,18.0,30.6,,,356.0,4.1,,1008.6,
2019-10-16,22.1,15.8,29.5,,,63.0,3.4,,1007.4,
2019-10-17,20.9,17.5,27.3,,,97.0,3.3,,1008.4,
2019-10-18,20.0,17.8,24.2,,,326.0,3.3,,1009.1,
2019-10-19,20.0,17.8,24.4,,,342.0,3.1,,1008.0,
2019-10-20,19.6,17.5,23.0,,,,2.9,,1007.6,
2019-10-21,19.4,16.8,23.3,,,353.0,3.6,,1010.2,
2019-10-22,19.2,15.7,24.8,,,52.0,3.8,,1012.2,
2019-10-23,19.4,15.2,26.3,,,56.0,3.0,,1011.4,
2019-10-24,19.8,15.3,26.2,,,,3.3,,1009.3,
2019-10-25,19.7,14.6,27.1,,,324.0,3.4,,1009.1,
2019-10-26,19.0,14.9,24.4,,,,3.4,,1009.8,
2019-10-27,19.0,13.7,26.1,,,318.0,3.1,,1010.5,
2019-10-28,18.8,12.2,26.3,,,312.0,3.4,,1010.8,
2019-10-29,19.1,12.7,26.0,,,297.0,3.6,,1009.9,
2019-10-30,19.4,14.4,25.3,,,307.0,4.0,,1010.8,
2019-10-31,19.7,14.1,28.9,,,,3.6,,1012.0,
2019-11-01,18.5,14.1,26.0,,,71.0,3.2,,1015.4,
2019-11-02,19.2,14.4,27.1,,,52.0,3.5,,1014.0,
2019-11-03,18.9,15.2,25.1,,,54.0,3.7,,1014.1,
2019-11-04,19.7,14.9,25.9,,,358.0,3.4,,1012.0,
2019-11-05,19.9,14.2,27.5,,,54.0,3.2,,1012.3,
2019-11-06,19.7,14.7,25.2,,,76.0,3.4,,1013.3,
2019-11-07,20.3,15.1,27.6,,,,3.3,,1013.0,
2019-11-08,20.5,15.7,28.0,,,57.0,3.5,,1012.2,
2019-11-09,19.7,13.9,26.7,,,,3.0,,1013.6,
2019-11-10,19.6,13.1,27.8,,,39.0,3.2,,1013.6,
2019-11-11,20.0,12.8,27.0,,,329.0,3.4,,1011.9,
2019-11-12,18.3,13.9,25.8,,,61.0,3.1,,1012.4,
2019-11-13,15.9,14.3,19.0,,,,2.9,,1014.0,
2019-11-14,16.9,13.2,21.9,,,26.0,2.7,,1014.5,
2019-11-15,17.1,12.3,23.4,,,,2.8,,1015.7,
2019-11-16,17.4,13.1,24.4,,,,2.7,,1014.2,
2019-11-17,17.5,14.2,22.1,,,,2.8,,1012.8,
2019-11-18,18.4,13.8,23.9,,,,3.2,,1012.3,
2019-11-19,18.5,12.5,25.2,,,327.0,3.6,,1012.0,
2019-11-20,18.5,13.1,24.4,,,312.0,3.7,,1012.7,
2019-11-21,18.7,13.2,25.3,,,322.0,3.9,,1013.4,
2019-11-22,19.0,12.8,26.7,,,342.0,3.9,,1012.7,
2019-11-23,18.9,13.4,27.1,,,321.0,3.2,,1012.4,
2019-11-24,18.7,13.1,26.7,,,,2.8,,1012.5,
2019-11-25,17.6,9.6,24.9,,,307.0,3.9,,1010.8,
2019-11-26,18.2,13.0,24.2,,,281.0,3.4,,1010.1,
2019-11-27,18.4,12.8,26.7,,,178.0,3.8,,1012.0,
2019-11-28,17.9,11.7,25.7,,,262.0,3.6,,1015.3,
2019-11-29,18.3,11.3,26.4,,,,3.6,,1015.7,
2019-11-30,18.4,11.9,26.3,,,316.0,4.0,,1013.3,
2019-12-01,18.3,10.6,28.1,,,300.0,3.3,,1012.5,
2019-12-02,18.4,11.8,26.3,,,123.0,2.7,,1014.3,
2019-12-03,18.2,12.2,26.3,,,268.0,3.6,,1014.3,
2019-12-04,17.2,11.0,25.1,,,297.0,3.3,,1014.2,
2019-12-05,17.1,10.2,25.8,,,275.0,3.3,,1014.5,
2019-12-06,17.3,10.2,26.7,,,223.0,3.0,,1015.7,
2019-12-07,16.2,9.0,25.6,,,,2.8,,1018.4,
2019-12-08,15.8,7.6,25.6,,,268.0,3.1,,1017.0,
2019-12-09,16.5,9.2,24.9,,,255.0,3.6,,1014.0,
2019-12-10,15.2,8.1,24.4,,,274.0,3.1,,1014.9,
2019-12-11,14.6,7.6,23.7,,,138.0,3.3,,1017.2,
2019-12-12,15.6,8.9,24.7,,,,3.2,,1017.9,
2019-12-13,15.7,8.6,25.5,,,312.0,3.3,,1016.4,
2019-12-14,14.9,6.2,26.3,,,197.0,3.0,,1014.8,
2019-12-15,15.4,7.8,25.3,,,246.0,3.6,,1014.2,
2019-12-16,14.7,6.9,23.6,,,,3.0,,1014.6,
2019-12-17,14.6,7.8,23.3,,,,2.5,,1014.0,
2019-12-18,14.5,9.7,21.7,,,100.0,4.1,,1014.8,
2019-12-19,14.3,6.8,22.2,,,,2.9,,1016.0,
2019-12-20,14.3,11.1,18.8,,,,2.6,,1016.7,
2019-12-21,13.1,11.4,15.1,,,69.0,4.3,,1017.7,
2019-12-22,12.7,7.8,18.7,,,94.0,4.0,,1019.8,
2019-12-23,14.1,8.3,23.8,,,121.0,3.0,,1017.4,
2019-12-24,15.1,8.9,23.9,,,278.0,3.4,,1015.5,
2019-12-25,15.4,9.0,24.2,,,,3.4,,1013.4,
2019-12-26,15.2,7.1,24.2,,,283.0,3.5,,1013.2,
2019-12-27,16.0,8.6,24.8,,,242.0,3.4,,1013.1,
2019-12-28,15.7,10.5,21.5,,,294.0,4.7,,1013.6,
2019-12-29,14.9,11.2,20.7,,,,3.1,,1014.3,
2019-12-30,14.7,7.3,23.6,,,,3.0,,1013.9,
2019-12-31,15.4,9.4,22.7,,,,3.5,,1014.5,
2020-01-01,16.6,12.6,21.6,,,191.0,5.9,,1012.0,
2020-01-02,14.2,9.0,19.4,,,217.0,6.9,,1009.9,
2020-01-03,11.4,3.7,21.6,,,279.0,3.3,,1016.5,
2020-01-04,11.0,5.1,20.7,,,85.0,4.6,,1023.3,
2020-01-05,10.3,2.1,20.2,,,,3.3,,1024.7,
2020-01-06,11.8,3.2,23.4,,,,2.7,,1021.3,
2020-01-07,13.5,7.2,24.4,,,,3.0,,1018.7,
2020-01-08,13.6,6.1,22.3,,,99.0,2.7,,1019.7,
2020-01-09,15.3,7.2,24.2,,,303.0,3.3,,1016.8,
2020-01-10,15.7,8.7,24.8,,,289.0,3.2,,1015.2,
2020-01-11,15.6,8.7,25.1,,,156.0,2.8,,1015.2,
2020-01-12,15.4,7.8,24.5,,,312.0,2.7,,1015.7,
2020-01-13,16.0,8.7,26.0,,,,2.6,,1016.1,
2020-01-14,16.5,9.3,25.6,,,,2.6,,1015.5,
2020-01-15,17.3,10.4,25.7,,,,2.9,,1014.2,
2020-01-16,17.8,10.7,25.6,,,,3.0,,1013.8,
2020-01-17,17.6,12.9,25.4,,,357.0,3.6,,1014.7,
2020-01-18,17.1,11.4,25.8,,,0.0,2.7,,1015.5,
2020-01-19,17.6,13.4,25.9,,,72.0,3.2,,1016.3,
2020-01-20,17.0,11.7,24.1,,,66.0,3.5,,1018.4,
2020-01-21,16.7,9.9,24.9,,,,3.5,,1018.6,
2020-01-22,17.8,11.2,24.1,,,274.0,4.4,,1014.1,
2020-01-23,15.6,10.8,20.6,,,,2.7,,1013.1,
2020-01-24,15.3,8.2,23.5,,,211.0,2.8,,1013.8,
2020-01-25,16.5,11.5,23.3,,,222.0,3.6,,1014.2,
2020-01-26,16.4,12.1,21.9,,,,3.8,,1015.2,
2020-01-27,15.0,7.5,23.2,,,248.0,3.8,,1015.6,
2020-01-28,14.6,6.9,24.1,,,271.0,3.7,,1013.5,
2020-01-29,15.0,6.9,24.9,,,,4.2,,1012.8,
2020-01-30,14.5,10.0,20.2,,,217.0,5.0,,1012.3,
2020-01-31,14.4,8.6,22.2,,,,3.6,,1014.1,
2020-02-01,14.8,11.5,20.1,,,70.0,4.3,,1017.6,
2020-02-02,15.2,12.7,18.8,,,80.0,3.1,,1017.8,
2020-02-03,13.8,10.7,15.8,,,72.0,4.0,,1016.5,
2020-02-04,15.5,11.6,21.6,,,190.0,4.7,,1015.0,
2020-02-05,15.2,11.3,20.6,,,195.0,5.6,,1011.6,
2020-02-06,13.6,6.1,22.3,,,263.0,3.9,,1012.1,
2020-02-07,14.1,4.9,25.5,,,299.0,3.4,,1012.6,
2020-02-08,15.0,6.6,25.2,,,243.0,3.4,,1015.1,
2020-02-09,16.7,8.4,27.1,,,,4.4,,1014.7,
2020-02-10,18.2,11.0,26.6,,,285.0,4.4,,1013.6,
2020-02-11,18.5,10.3,27.7,,,287.0,5.0,,1012.4,
2020-02-12,17.2,10.2,23.4,,,223.0,4.5,,1011.4,
2020-02-13,17.0,8.2,25.6,,,296.0,3.9,,1011.9,
2020-02-14,17.8,9.1,26.3,,,231.0,3.4,,1013.7,
2020-02-15,18.6,11.1,27.0,,,,3.8,,1014.3,
2020-02-16,19.6,11.6,28.4,,,324.0,3.9,,1011.9,
2020-02-17,20.5,12.3,30.4,,,317.0,4.3,,1008.2,
2020-02-18,21.0,11.9,30.3,,,312.0,4.2,,1008.6,
2020-02-19,21.1,12.4,30.0,,,319.0,4.1,,1010.6,
2020-02-20,20.7,11.4,29.8,,,305.0,3.9,,1012.1,
2020-02-21,20.1,14.0,27.7,,,110.0,4.1,,1014.4,
2020-02-22,20.3,14.0,27.5,,,4.0,4.2,,1015.6,
2020-02-23,20.2,13.1,27.6,,,299.0,5.7,,1014.3,
2020-02-24,19.4,10.1,28.0,,,284.0,5.3,,1011.1,
2020-02-25,18.5,10.8,26.1,,,277.0,6.0,,1008.9,
2020-02-26,17.8,9.1,27.6,,,86.0,3.6,,1011.3,
2020-02-27,17.5,10.2,25.9,,,106.0,4.1,,1014.9,
2020-02-28,18.8,11.1,27.6,,,28.0,3.5,,1015.7,
2020-02-29,19.5,10.6,28.2,,,,4.6,,1015.5,
2020-03-01,20.0,11.1,28.7,,,282.0,5.7,,1013.5,
2020-03-02,20.3,11.0,29.8,,,261.0,4.4,,1011.1,
2020-03-03,19.4,11.0,28.1,,,238.0,6.6,,1009.2,
2020-03-04,18.7,11.7,26.4,,,216.0,5.2,,1010.4,
2020-03-05,19.3,10.7,28.5,,,112.0,3.5,,1012.0,
2020-03-06,19.5,12.6,27.0,,,113.0,4.2,,1014.6,
2020-03-07,20.3,14.5,27.6,,,103.0,4.6,,1014.4,
2020-03-08,20.1,13.8,27.7,,,315.0,4.4,,1012.5,
2020-03-09,20.6,14.0,27.6,,,326.0,3.9,,1013.6,
2020-03-10,21.8,13.8,29.9,,,50.0,3.9,,1013.8,
2020-03-11,22.2,13.7,31.0,,,348.0,4.5,,1011.9,
2020-03-12,22.1,13.5,30.8,,,292.0,4.7,,1008.8,
2020-03-13,22.1,13.2,31.0,,,295.0,5.0,,1009.5,
2020-03-14,22.1,13.6,31.1,,,267.0,3.4,,1011.4,
2020-03-15,21.8,14.8,31.3,,,279.0,4.1,,1012.3,
2020-03-16,21.5,14.3,30.1,,,280.0,3.9,,1012.3,
2020-03-17,21.1,13.8,29.6,,,280.0,4.7,,1012.1,
2020-03-18,21.3,13.4,29.6,,,296.0,5.0,,1012.2,
2020-03-19,21.5,11.6,30.5,,,305.0,6.2,,1012.7,
2020-03-20,22.2,11.9,31.5,,,332.0,4.6,,1013.2,
2020-03-21,22.4,13.5,30.7,,,295.0,4.2,,1012.7,
2020-03-22,23.0,13.2,32.4,,,319.0,6.1,,1011.7,
2020-03-23,23.2,13.7,32.8,,,300.0,5.3,,1011.4,
2020-03-24,23.8,13.6,34.0,,,308.0,5.3,,1010.4,
2020-03-25,23.6,12.9,34.1,,,302.0,5.2,,1008.5,
2020-03-26,23.7,13.6,34.1,,,309.0,4.6,,1007.5,
2020-03-27,23.1,14.5,31.7,,,300.0,6.4,,1007.1,
2020-03-28,22.3,12.4,31.1,,,290.0,5.0,,1008.3,
2020-03-29,22.3,12.8,31.7,,,299.0,4.3,,1008.7,
2020-03-30,22.7,13.1,31.7,,,308.0,4.6,,1009.7,
2020-03-31,23.1,13.2,31.7,,,305.0,5.4,,1008.6,
2020-04-01,22.8,14.2,32.4,,,290.0,5.5,,1007.9,
2020-04-02,22.5,13.1,32.2,,,307.0,5.4,,1008.4,
2020-04-03,22.6,12.6,31.3,,,290.0,5.7,,1007.6,
2020-04-04,22.6,13.2,31.9,,,283.0,5.6,,1007.4,
2020-04-05,,,,,,,,,,
2020-04-06,22.5,12.2,31.3,,,256.0,4.9,,1009.5,
2020-04-07,23.0,11.9,32.3,,,269.0,5.0,,1011.2,
2020-04-08,23.2,12.1,32.4,,,282.0,5.1,,1010.9,
2020-04-09,23.3,13.0,32.7,,,293.0,5.2,,1010.6,
2020-04-10,23.2,13.1,32.2,,,299.0,5.6,,1010.0,
2020-04-11,22.5,13.2,31.1,,,291.0,6.4,,1008.5,
2020-04-12,22.3,13.5,31.4,,,261.0,6.6,,1008.7,
2020-04-13,22.1,11.4,30.8,,,274.0,5.8,,1011.5,
2020-04-14,22.2,10.2,32.9,,,265.0,4.3,,1010.3,
2020-04-15,22.9,11.2,33.5,,,299.0,5.0,,1009.3,
2020-04-16,23.2,12.2,34.1,,,282.0,4.8,,1009.4,
2020-04-17,23.6,13.5,33.1,,,276.0,4.9,,1011.0,
2020-04-18,23.5,14.2,31.9,,,296.0,5.8,,1010.7,
2020-04-19,23.7,14.5,32.6,,,307.0,6.6,,1009.1,
2020-04-20,23.9,13.4,32.4,,,299.0,6.6,,1008.5,
2020-04-21,24.5,14.1,34.4,,,298.0,6.0,,1008.0,
2020-04-22,24.0,14.1,32.1,,,307.0,6.5,,1008.4,
2020-04-23,24.1,14.9,33.2,,,300.0,6.4,,1007.6,
2020-04-24,23.3,11.1,33.1,,,308.0,5.7,,1008.0,
2020-04-25,23.9,12.7,34.5,,,291.0,4.5,,1008.1,
2020-04-26,24.6,13.9,34.6,,,185.0,4.6,,1009.0,
2020-04-27,25.0,16.9,34.2,,,337.0,4.9,,1010.6,
2020-04-28,24.5,14.4,33.0,,,299.0,6.5,,1010.4,
2020-04-29,24.0,13.1,33.4,,,299.0,4.8,,1009.5,
2020-04-30,23.2,15.9,33.3,,,100.0,4.9,,1010.2,
2020-05-01,23.4,13.7,32.3,,,100.0,4.3,,1011.6,
2020-05-02,24.1,14.8,32.9,,,317.0,4.7,,1010.8,
2020-05-03,24.7,15.1,34.6,,,281.0,5.0,,1008.9,
2020-05-04,25.0,18.0,33.4,,,305.0,5.7,,1006.6,
2020-05-05,23.6,15.6,33.2,,,311.0,4.3,,1008.0,
2020-05-06,22.4,17.4,30.4,,,72.0,4.0,,1010.6,
2020-05-07,21.2,16.1,28.5,,,98.0,4.5,,1012.0,
2020-05-08,21.3,14.5,28.8,,,319.0,5.0,,1011.4,
2020-05-09,22.9,15.1,31.3,,,335.0,4.6,,1010.5,
2020-05-10,23.2,12.9,32.2,,,305.0,4.7,,1011.0,
2020-05-11,22.7,13.1,30.8,,,306.0,5.5,,1011.9,
2020-05-12,22.9,12.2,32.2,,,295.0,5.1,,1010.5,
2020-05-13,23.3,13.2,33.0,,,283.0,4.7,,1008.9,
2020-05-14,23.2,12.7,32.5,,,295.0,4.7,,1008.9,
2020-05-15,22.9,11.7,32.0,,,271.0,5.4,,1007.8,
2020-05-16,22.7,13.0,31.7,,,275.0,5.5,,1007.8,
2020-05-17,22.9,11.1,32.8,,,309.0,4.6,,1009.1,
2020-05-18,24.3,13.5,34.4,,,292.0,4.2,,1009.0,
2020-05-19,24.8,14.9,33.5,,,306.0,5.3,,1008.2,
2020-05-20,24.5,15.7,33.1,,,300.0,6.3,,1007.4,
2020-05-21,24.2,14.4,32.9,,,293.0,6.9,,1006.5,
2020-05-22,24.1,15.1,32.9,,,294.0,6.6,,1007.1,
2020-05-23,23.7,13.2,32.5,,,294.0,5.7,,1007.1,
2020-05-24,22.9,11.8,32.0,,,293.0,6.3,,1006.9,
2020-05-25,23.0,11.9,32.9,,,288.0,5.5,,1005.6,
2020-05-26,23.3,12.8,32.4,,,289.0,4.9,,1006.3,
2020-05-27,24.3,13.0,34.1,,,274.0,4.5,,1007.6,
2020-05-28,24.4,13.7,33.8,,,317.0,4.5,,1008.2,
2020-05-29,24.4,16.2,34.4,,,350.0,4.5,,1008.1,
2020-05-30,22.9,16.7,29.5,,,79.0,4.2,,1008.7,
2020-05-31,22.9,16.0,30.9,,,106.0,4.2,,1008.5,
2020-06-01,23.5,16.8,34.1,,,251.0,4.6,,1007.9,
2020-06-02,24.1,17.9,33.0,,,330.0,4.6,,1007.7,
2020-06-03,25.7,18.5,35.5,,,356.0,4.7,,1005.7,
2020-06-04,26.8,18.9,36.1,,,21.0,5.4,,1003.1,
2020-06-05,27.2,19.6,37.1,,,15.0,4.9,,1002.9,
2020-06-06,26.1,19.7,34.3,,,280.0,5.2,,1003.4,
2020-06-07,24.7,18.8,31.8,,,293.0,6.3,,1004.9,
2020-06-08,24.6,19.0,31.9,,,288.0,6.8,,1006.1,
2020-06-09,24.0,16.8,34.6,,,305.0,5.5,,1007.6,
2020-06-10,24.3,17.3,32.8,,,64.0,4.9,,1009.3,
2020-06-11,24.1,18.8,31.3,,,85.0,4.8,,1011.9,
2020-06-12,23.4,18.1,30.3,,,94.0,5.5,,1012.8,
2020-06-13,23.6,16.9,32.1,,,107.0,4.6,,1010.1,
2020-06-14,22.8,17.3,32.9,,,308.0,4.4,,1008.8,
2020-06-15,23.0,17.2,33.4,,,32.0,5.5,,1010.2,
2020-06-16,23.9,17.6,33.1,,,21.0,4.3,,1010.1,
2020-06-17,24.4,18.1,33.6,,,279.0,5.6,,1009.5,
2020-06-18,24.6,18.7,32.7,,,309.0,4.6,,1008.4,
2020-06-19,24.5,17.4,34.0,,,124.0,5.1,,1007.9,
2020-06-20,23.3,18.8,30.7,,,314.0,5.5,,1009.2,
2020-06-21,22.6,18.2,30.2,,,344.0,5.4,,1010.0,
2020-06-22,22.3,17.8,31.0,,,352.0,4.4,,1011.1,
2020-06-23,22.0,17.1,28.4,,,324.0,5.1,,1010.3,
2020-06-24,20.9,16.6,26.5,,,120.0,4.4,,1009.0,
2020-06-25,20.8,16.8,26.7,,,69.0,3.9,,1009.3,
2020-06-26,21.0,17.7,27.0,,,81.0,3.4,,1011.8,
2020-06-27,21.9,16.3,30.5,,,61.0,3.8,,1011.2,
2020-06-28,22.0,17.8,29.4,,,330.0,4.6,,1009.8,
2020-06-29,21.9,16.2,30.0,,,331.0,4.7,,1010.3,
2020-06-30,22.3,18.3,28.6,,,320.0,4.8,,1009.4,
2020-07-01,21.6,18.5,26.5,,,11.0,4.4,,1009.7,
2020-07-02,21.4,16.5,26.0,,,330.0,4.2,,1010.4,
2020-07-03,21.9,16.1,28.8,,,17.0,4.7,,1010.4,
2020-07-04,22.4,16.8,29.9,,,354.0,4.4,,1010.7,
2020-07-05,22.8,17.8,29.9,,,291.0,4.6,,1009.6,
2020-07-06,22.9,18.1,31.6,,,313.0,4.4,,1009.3,
2020-07-07,21.6,17.1,27.8,,,63.0,4.0,,1010.7,
2020-07-08,20.4,17.1,24.8,,,288.0,3.9,,1011.6,
2020-07-09,20.7,16.7,25.8,,,22.0,3.7,,1012.2,
2020-07-10,21.3,16.1,28.9,,,23.0,3.8,,1013.1,
2020-07-11,22.6,16.9,29.6,,,91.0,4.3,,1012.2,
2020-07-12,21.9,17.9,28.6,,,93.0,4.3,,1011.7,
2020-07-13,21.8,15.5,30.0,,,291.0,4.7,,1012.3,
2020-07-14,22.4,17.7,29.9,,,312.0,4.9,,1011.2,
2020-07-15,21.6,16.1,27.7,,,312.0,4.0,,1011.2,
2020-07-16,21.6,17.3,28.7,,,348.0,4.3,,1011.9,
2020-07-17,21.6,17.2,27.9,,,38.0,4.2,,1012.8,
2020-07-18,20.9,15.6,27.9,,,324.0,4.4,,1011.8,
2020-07-19,20.5,14.6,28.7,,,265.0,3.4,,1011.6,
2020-07-20,21.2,15.6,27.3,,,315.0,4.0,,1011.3,
2020-07-21,22.0,15.5,29.3,,,320.0,4.8,,1009.9,
2020-07-22,22.1,17.2,28.2,,,311.0,4.5,,1009.8,
2020-07-23,21.2,18.0,29.1,,,334.0,3.8,,1010.3,
2020-07-24,21.0,17.1,26.7,,,353.0,3.1,,1010.9,
2020-07-25,21.4,17.4,26.8,,,336.0,4.0,,1009.6,
2020-07-26,21.2,16.6,27.0,,,311.0,4.0,,1009.4,
2020-07-27,20.8,17.0,26.4,,,309.0,3.9,,1009.9,
2020-07-28,20.8,16.9,27.4,,,319.0,4.0,,1010.0,
2020-07-29,19.9,16.9,23.6,,,356.0,3.5,,1010.8,
2020-07-30,20.5,17.2,27.3,,,358.0,3.4,,1011.5,
2020-07-31,20.5,17.5,25.9,,,8.0,3.5,,1012.3,
2020-08-01,20.7,16.9,27.7,,,35.0,3.6,,1012.5,
2020-08-02,21.1,16.5,28.0,,,24.0,3.9,,1012.1,
2020-08-03,21.6,16.9,28.8,,,38.0,4.0,,1013.2,
2020-08-04,21.9,17.4,29.5,,,53.0,4.0,,1013.3,
2020-08-05,21.7,18.0,30.0,,,17.0,3.8,,1012.2,
2020-08-06,22.2,16.9,29.4,,,44.0,3.2,,1010.5,
2020-08-07,22.6,17.6,29.6,,,39.0,4.0,,1010.2,
2020-08-08,22.5,17.7,28.3,,,61.0,4.4,,1011.1,
2020-08-09,20.6,17.5,25.8,,,98.0,3.9,,1012.8,
2020-08-10,20.9,16.7,28.1,,,79.0,3.3,,1013.6,
2020-08-11,21.2,16.5,28.4,,,26.0,3.5,,1011.0,
2020-08-12,21.0,16.5,28.5,,,59.0,3.6,,1011.1,
2020-08-13,19.9,16.7,27.2,,,102.0,3.5,,1011.7,
2020-08-14,21.2,15.9,28.1,,,91.0,3.6,,1011.8,
2020-08-15,21.7,16.5,29.2,,,45.0,3.9,,1010.1,
2020-08-16,20.2,15.7,26.3,,,114.0,3.6,,1012.1,
2020-08-17,20.7,16.7,27.2,,,102.0,3.6,,1013.0,
2020-08-18,19.8,17.0,24.6,,,87.0,3.7,,1013.9,
2020-08-19,20.1,16.3,24.9,,,20.0,3.4,,1012.3,
2020-08-20,20.6,16.7,27.7,,,336.0,3.6,,1010.6,
2020-08-21,21.6,17.6,28.1,,,318.0,4.1,,1009.2,
2020-08-22,22.3,18.1,29.4,,,308.0,4.3,,1007.8,
2020-08-23,22.2,17.7,28.6,,,61.0,4.0,,1007.5,
2020-08-24,21.0,16.2,28.0,,,59.0,3.8,,1008.3,
2020-08-25,21.3,17.4,26.9,,,47.0,3.6,,1007.3,
2020-08-26,21.7,17.9,27.4,,,71.0,4.3,,1005.5,
2020-08-27,20.9,18.2,26.2,,,117.0,3.7,,1007.1,
2020-08-28,21.0,17.7,26.7,,,356.0,4.3,,1010.4,
2020-08-29,21.2,17.7,27.4,,,308.0,5.1,,1010.2,
2020-08-30,21.0,17.0,27.2,,,325.0,4.1,,1009.4,
2020-08-31,21.0,17.5,28.5,,,309.0,3.5,,1010.2,
2020-09-01,21.5,17.4,27.0,,,308.0,3.9,,1011.8,
2020-09-02,22.0,17.7,29.0,,,331.0,4.3,,1011.4,
2020-09-03,22.9,18.0,30.2,,,351.0,4.6,,1008.7,
2020-09-04,22.7,16.1,28.7,,,53.0,4.4,,1008.6,
2020-09-05,21.5,17.1,27.2,,,98.0,3.9,,1011.0,
2020-09-06,20.9,17.5,27.0,,,74.0,3.5,,1012.6,
2020-09-07,20.4,17.1,24.8,,,10.0,3.9,,1010.5,
2020-09-08,20.4,17.2,26.9,,,317.0,3.3,,1007.9,
2020-09-09,20.9,17.1,27.7,,,288.0,3.1,,1008.4,
2020-09-10,21.0,17.9,27.6,,,50.0,3.3,,1010.9,
2020-09-11,21.0,17.6,28.0,,,62.0,3.6,,1011.3,
2020-09-12,20.7,17.5,26.6,,,50.0,3.3,,1009.8,
2020-09-13,21.0,17.3,27.4,,,2.0,3.4,,1009.8,
2020-09-14,21.5,16.4,27.8,,,18.0,3.8,,1011.0,
2020-09-15,21.7,18.0,28.7,,,28.0,3.8,,1011.7,
2020-09-16,20.7,18.0,25.9,,,352.0,3.8,,1011.2,
2020-09-17,20.7,17.9,26.4,,,340.0,3.5,,1009.8,
2020-09-18,21.1,17.8,26.3,,,34.0,3.5,,1009.4,
2020-09-19,20.9,17.4,26.7,,,82.0,3.5,,1009.9,
2020-09-20,20.6,17.0,25.3,,,89.0,3.4,,1011.0,
2020-09-21,20.2,17.2,25.1,,,351.0,3.3,,1012.0,
2020-09-22,21.2,17.4,28.2,,,348.0,3.8,,1012.2,
2020-09-23,21.8,17.2,29.2,,,339.0,3.8,,1010.6,
2020-09-24,21.3,16.1,29.0,,,339.0,3.7,,1010.3,
2020-09-25,20.6,15.8,26.9,,,324.0,3.4,,1011.7,
2020-09-26,20.7,15.6,28.4,,,338.0,3.7,,1011.7,
2020-09-27,21.4,17.3,29.3,,,321.0,4.1,,1009.5,
2020-09-28,21.8,18.2,28.2,,,338.0,3.7,,1007.6,
2020-09-29,20.6,14.3,26.7,,,71.0,4.0,,1011.3,
2020-09-30,19.1,12.4,26.4,,,85.0,3.9,,1013.8,
2020-10-01,19.0,12.4,27.8,,,58.0,3.3,,1013.2,
2020-10-02,18.0,9.0,27.1,,,92.0,4.0,,1014.1,
2020-10-03,18.0,10.3,26.9,,,77.0,3.4,,1013.4,
2020-10-04,18.7,11.5,28.5,,,84.0,3.3,,1013.4,
2020-10-05,17.9,9.6,26.0,,,77.0,3.4,,1015.6,
2020-10-06,17.5,10.3,26.6,,,55.0,3.3,,1014.3,
2020-10-07,18.7,11.3,28.7,,,71.0,3.2,,1012.2,
2020-10-08,19.3,11.4,28.6,,,345.0,3.6,,1011.3,
2020-10-09,20.8,15.2,29.1,,,308.0,4.0,,1010.0,
2020-10-10,21.5,16.4,29.3,,,317.0,3.7,,1010.3,
2020-10-11,21.4,17.1,28.2,,,331.0,4.1,,1009.9,
2020-10-12,21.5,17.1,28.9,,,13.0,3.4,,1009.8,
2020-10-13,21.5,15.6,29.1,,,45.0,3.3,,1012.1,
2020-10-14,21.9,16.6,28.9,,,348.0,4.7,,1012.4,
2020-10-15,22.3,17.7,30.2,,,348.0,4.7,,1008.8,
2020-10-16,21.6,15.4,28.1,,,77.0,4.4,,1010.4,
2020-10-17,20.8,14.1,28.0,,,69.0,3.5,,1013.2,
2020-10-18,21.3,15.8,28.8,,,355.0,4.0,,1011.7,
2020-10-19,21.6,16.3,29.4,,,5.0,3.7,,1010.2,
2020-10-20,21.7,16.5,29.6,,,5.0,3.4,,1008.6,
2020-10-21,21.4,16.1,29.7,,,3.0,3.6,,1009.0,
2020-10-22,21.5,16.6,29.5,,,328.0,3.7,,1009.5,
2020-10-23,21.8,17.0,29.3,,,331.0,4.0,,1010.7,
2020-10-24,21.7,16.2,30.2,,,15.0,3.6,,1011.6,
2020-10-25,21.2,15.6,29.5,,,352.0,3.6,,1010.6,
2020-10-26,21.5,16.1,30.2,,,329.0,4.3,,1008.5,
2020-10-27,20.9,15.4,28.1,,,313.0,4.5,,1008.1,
2020-10-28,20.5,14.4,27.8,,,305.0,4.3,,1008.7,
2020-10-29,20.0,12.1,28.4,,,348.0,3.0,,1011.0,
2020-10-30,19.2,13.4,27.7,,,94.0,3.4,,1012.9,
2020-10-31,19.0,12.3,28.5,,,27.0,3.1,,1014.2,
2020-11-01,20.0,13.8,29.5,,,55.0,4.0,,1015.1,
2020-11-02,17.5,11.5,25.8,,,79.0,4.7,,1018.6,
2020-11-03,16.1,9.1,25.7,,,66.0,3.6,,1018.0,
2020-11-04,17.0,9.3,27.0,,,74.0,3.0,,1015.8,
2020-11-05,16.5,8.9,26.6,,,91.0,3.2,,1015.0,
2020-11-06,16.2,8.1,26.5,,,,2.6,,1013.1,
2020-11-07,17.3,9.1,28.4,,,38.0,2.9,,1011.4,
2020-11-08,18.5,11.6,28.7,,,295.0,3.3,,1011.2,
2020-11-09,18.9,10.4,29.1,,,310.0,3.4,,1012.2,
2020-11-10,19.0,11.4,28.9,,,309.0,3.5,,1010.3,
2020-11-11,18.7,10.1,27.9,,,309.0,3.5,,1010.8,
2020-11-12,19.0,10.8,28.0,,,313.0,3.0,,1012.2,
2020-11-13,19.7,12.1,29.7,,,323.0,3.3,,1012.8,
2020-11-14,19.6,12.8,29.1,,,315.0,3.8,,1012.2,
2020-11-15,19.7,12.1,30.0,,,52.0,2.8,,1012.1,
2020-11-16,19.3,12.3,27.4,,,89.0,4.5,,1014.8,
2020-11-17,18.7,11.3,27.3,,,85.0,5.1,,1017.2,
2020-11-18,18.6,12.5,27.1,,,84.0,5.0,,1017.1,
2020-11-19,17.5,12.0,26.3,,,89.0,4.3,,1016.8,
2020-11-20,17.4,10.0,27.7,,,80.0,3.0,,1016.9,
2020-11-21,17.9,10.8,27.6,,,86.0,3.3,,1015.7,
2020-11-22,18.0,10.7,27.9,,,92.0,3.0,,1014.0,
2020-11-23,17.2,9.5,26.6,,,77.0,2.7,,1014.6,
2020-11-24,18.0,10.5,27.0,,,323.0,3.6,,1014.4,
2020-11-25,18.7,11.0,28.0,,,320.0,3.2,,1014.5,
2020-11-26,19.1,11.4,28.6,,,308.0,3.5,,1013.5,
2020-11-27,19.2,11.7,28.4,,,,3.6,,1012.7,
2020-11-28,18.8,11.0,28.2,,,307.0,3.6,,1012.2,
2020-11-29,18.7,11.2,27.6,,,308.0,3.4,,1012.3,
2020-11-30,17.3,10.8,26.1,,,208.0,2.7,,1014.3,
2020-12-01,16.6,9.3,24.9,,,256.0,4.3,,1014.7,
2020-12-02,16.2,9.0,24.7,,,196.0,3.3,,1014.5,
2020-12-03,15.8,8.5,24.1,,,196.0,4.0,,1014.5,
2020-12-04,16.4,12.8,20.9,,,153.0,3.8,,1014.5,
2020-12-05,16.1,11.8,21.6,,,186.0,3.5,,1015.7,
2020-12-06,15.1,11.4,20.2,,,128.0,2.8,,1015.9,
2020-12-07,15.7,12.1,22.1,,,,3.0,,1017.0,
2020-12-08,16.3,11.6,23.4,,,,2.4,,1018.2,
2020-12-09,17.6,11.0,26.0,,,337.0,3.0,,1017.7,
2020-12-10,18.0,12.5,25.4,,,300.0,3.8,,1015.3,
2020-12-11,16.7,10.2,24.5,,,277.0,3.5,,1014.3,
2020-12-12,16.7,10.6,25.1,,,,3.1,,1013.1,
2020-12-13,17.0,10.3,28.1,,,221.0,3.0,,1013.9,
2020-12-14,17.4,11.6,27.7,,,,3.3,,1014.5,
2020-12-15,16.2,9.8,24.6,,,263.0,3.8,,1013.9,
2020-12-16,15.2,6.8,26.3,,,222.0,3.0,,1013.8,
2020-12-17,15.2,7.2,26.1,,,212.0,3.2,,1015.4,
2020-12-18,15.6,8.1,26.5,,,227.0,3.9,,1017.1,
2020-12-19,15.4,7.9,26.4,,,,3.1,,1017.0,
2020-12-20,15.6,7.7,25.9,,,,2.7,,1015.3,
2020-12-21,16.1,8.5,26.0,,,228.0,2.9,,1015.4,
2020-12-22,15.9,8.2,25.4,,,307.0,3.3,,1016.8,
2020-12-23,16.3,7.8,27.2,,,287.0,3.7,,1016.1,
2020-12-24,15.2,5.7,28.0,,,350.0,2.8,,1016.2,
2020-12-25,14.8,7.4,24.6,,,104.0,2.8,,1017.7,
2020-12-26,14.8,6.1,26.0,,,274.0,3.6,,1015.5,
2020-12-27,13.9,4.5,25.3,,,279.0,3.1,,1015.3,
2020-12-28,14.6,6.0,27.8,,,271.0,2.7,,1015.2,
2020-12-29,15.2,6.8,26.5,,,236.0,3.7,,1014.5,
2020-12-30,14.3,5.9,23.5,,,216.0,6.1,,1012.2,
2020-12-31,12.2,7.0,19.7,,,191.0,5.6,,1011.6,
2021-01-01,11.2,2.5,24.6,,,188.0,3.7,,1015.0,
2021-01-02,11.8,2.9,24.9,,,,3.0,,1017.5,
2021-01-03,12.2,3.1,24.7,,,280.0,3.0,,1018.3,
2021-01-04,13.2,4.5,24.9,,,,2.7,,1017.7,
2021-01-05,14.4,5.6,25.9,,,261.0,3.3,,1015.9,
2021-01-06,14.7,7.1,23.6,,,,2.8,,1015.1,
2021-01-07,15.2,8.1,24.8,,,,2.8,,1015.7,
2021-01-08,15.7,9.0,25.1,,,,2.9,,1016.3,
2021-01-09,15.5,9.1,24.1,,,259.0,3.8,,1014.9,
2021-01-10,15.3,9.1,23.9,,,243.0,3.7,,1014.7,
2021-01-11,14.3,6.6,25.6,,,211.0,3.5,,1016.0,
2021-01-12,13.6,5.6,23.4,,,195.0,3.6,,1016.9,
2021-01-13,13.1,6.2,20.8,,,1.0,3.1,,1018.0,
2021-01-14,15.2,9.3,24.4,,,,3.2,,1015.9,
2021-01-15,14.6,6.3,25.9,,,330.0,2.7,,1015.7,
2021-01-16,15.7,7.1,26.3,,,314.0,3.8,,1014.5,
2021-01-17,16.7,9.5,25.5,,,,2.9,,1013.5,
2021-01-18,15.5,7.3,25.3,,,254.0,3.2,,1014.5,
2021-01-19,17.2,10.3,26.4,,,,3.0,,1014.2,
2021-01-20,16.8,11.8,23.8,,,,2.7,,1016.3,
2021-01-21,17.8,10.2,25.6,,,,3.9,,1016.0,
2021-01-22,17.9,9.9,27.8,,,296.0,4.0,,1014.5,
2021-01-23,17.8,9.7,28.6,,,293.0,3.6,,1013.1,
2021-01-24,17.7,8.7,28.2,,,290.0,4.1,,1012.3,
2021-01-25,17.0,8.8,26.1,,,265.0,4.8,,1012.2,
2021-01-26,16.3,7.2,27.4,,,285.0,4.1,,1012.0,
2021-01-27,17.4,7.4,29.6,,,263.0,2.7,,1012.5,
2021-01-28,18.2,12.0,26.5,,,74.0,3.0,,1016.0,
2021-01-29,17.8,10.0,26.5,,,7.0,3.6,,1015.7,
2021-01-30,18.4,10.7,28.0,,,313.0,4.4,,1013.0,
2021-01-31,18.4,9.1,28.7,,,0.0,2.8,,1012.6,
2021-02-01,18.7,11.7,27.4,,,94.0,3.7,,1014.4,
2021-02-02,17.9,9.8,28.1,,,54.0,3.1,,1014.6,
2021-02-03,18.9,10.1,30.1,,,295.0,4.2,,1012.6,
2021-02-04,19.0,9.9,31.0,,,291.0,4.1,,1011.8,
2021-02-05,18.4,8.0,29.3,,,261.0,4.2,,1010.6,
2021-02-06,17.8,8.3,27.3,,,276.0,4.0,,1010.3,
2021-02-07,17.6,8.5,27.7,,,256.0,3.6,,1011.0,
2021-02-08,17.6,8.7,28.3,,,269.0,4.2,,1011.9,
2021-02-09,17.4,8.5,27.9,,,279.0,4.0,,1012.8,
2021-02-10,17.3,8.1,26.6,,,249.0,4.3,,1012.7,
2021-02-11,16.2,7.6,25.6,,,214.0,4.6,,1011.0,
2021-02-12,14.5,6.5,23.1,,,206.0,4.5,,1010.3,
2021-02-13,14.2,5.5,23.8,,,235.0,5.9,,1010.2,
2021-02-14,14.1,5.1,24.0,,,236.0,5.1,,1010.8,
2021-02-15,14.7,6.0,25.0,,,237.0,4.9,,1012.5,
2021-02-16,15.6,6.3,26.5,,,247.0,5.5,,1012.5,
2021-02-17,15.9,6.9,25.4,,,261.0,5.5,,1011.9,
2021-02-18,16.4,7.4,27.4,,,275.0,4.6,,1012.0,
2021-02-19,16.2,6.7,26.8,,,125.0,3.5,,1015.2,
2021-02-20,17.0,6.8,27.1,,,242.0,3.7,,1016.1,
2021-02-21,18.5,9.1,28.4,,,,4.5,,1014.2,
2021-02-22,19.1,9.6,29.8,,,273.0,3.1,,1013.5,
2021-02-23,19.6,10.7,29.2,,,318.0,3.9,,1012.5,
2021-02-24,20.6,11.5,31.6,,,306.0,4.4,,1011.4,
2021-02-25,20.4,11.7,29.5,,,291.0,3.6,,1011.2,
2021-02-26,20.5,10.6,30.9,,,292.0,4.4,,1009.7,
2021-02-27,20.3,10.7,30.6,,,289.0,5.2,,1009.0,
2021-02-28,20.4,10.5,29.8,,,293.0,5.0,,1009.9,
2021-03-01,20.6,10.6,31.1,,,298.0,3.9,,1009.3,
2021-03-02,20.7,11.3,31.9,,,270.0,4.4,,1009.1,
2021-03-03,21.3,11.0,31.5,,,303.0,4.8,,1011.1,
2021-03-04,21.1,11.4,30.7,,,300.0,5.5,,1012.1,
2021-03-05,21.5,11.1,32.0,,,306.0,4.7,,1009.6,
2021-03-06,20.7,10.9,30.0,,,265.0,4.3,,1009.3,
2021-03-07,20.9,11.4,30.7,,,276.0,5.6,,1011.3,
2021-03-08,20.8,11.7,30.3,,,280.0,4.5,,1014.2,
2021-03-09,20.9,10.9,30.4,,,207.0,4.6,,1014.1,
2021-03-10,21.6,10.9,32.0,,,280.0,3.9,,1011.7,
2021-03-11,21.4,10.0,32.5,,,297.0,4.9,,1011.7,
2021-03-12,21.6,10.6,32.2,,,284.0,4.3,,1012.7,
2021-03-13,21.3,11.1,30.7,,,293.0,5.3,,1012.7,
2021-03-14,21.0,10.6,30.7,,,296.0,5.5,,1011.0,
2021-03-15,20.5,10.0,30.7,,,276.0,5.0,,1010.2,
2021-03-16,20.4,8.6,31.8,,,279.0,6.0,,1008.6,
2021-03-17,19.8,6.8,31.3,,,269.0,5.3,,1009.1,
2021-03-18,20.4,9.0,31.1,,,203.0,4.0,,1010.2,
2021-03-19,21.5,11.5,30.8,,,271.0,5.1,,1011.2,
2021-03-20,21.4,10.4,31.7,,,294.0,5.6,,1011.5,
2021-03-21,21.2,9.8,30.9,,,278.0,5.8,,1010.5,
2021-03-22,20.5,9.7,31.1,,,281.0,6.3,,1009.8,
2021-03-23,19.8,8.6,30.0,,,285.0,6.7,,1009.0,
2021-03-24,19.5,8.7,29.9,,,277.0,6.7,,1008.0,
2021-03-25,19.6,8.8,31.1,,,264.0,5.2,,1008.7,
2021-03-26,20.3,8.5,30.1,,,290.0,4.4,,1009.6,
2021-03-27,21.3,9.4,31.1,,,288.0,5.3,,1009.6,
2021-03-28,22.3,10.7,31.7,,,321.0,3.9,,1008.8,
2021-03-29,22.5,14.7,30.0,,,144.0,5.4,,1008.4,
2021-03-30,22.6,13.2,30.8,,,295.0,7.5,,1008.9,
2021-03-31,23.2,11.8,32.5,,,325.0,4.2,,1008.2,
2021-04-01,24.2,17.0,30.8,,,106.0,6.5,,1009.1,
2021-04-02,22.9,16.7,29.5,,,83.0,6.0,,1011.7,
2021-04-03,22.9,15.6,30.2,,,50.0,4.8,,1010.6,
2021-04-04,,,,,,,,,,
2021-04-05,21.7,12.8,30.3,,,272.0,4.8,,1007.7,
2021-04-06,21.5,11.8,31.9,,,268.0,5.6,,1008.1,
2021-04-07,22.1,11.0,31.4,,,291.0,5.1,,1009.2,
2021-04-08,23.3,12.6,32.4,,,277.0,5.1,,1006.9,
2021-04-09,23.2,12.9,33.9,,,283.0,6.4,,1006.8,
2021-04-10,23.0,11.4,34.0,,,290.0,6.4,,1006.5,
2021-04-11,22.6,11.9,31.7,,,280.0,5.8,,1005.0,
2021-04-12,23.0,11.5,34.1,,,282.0,6.1,,1005.0,
2021-04-13,23.3,12.0,33.1,,,289.0,4.8,,1006.5,
2021-04-14,24.1,12.2,34.7,,,291.0,5.2,,1007.7,
2021-04-15,24.2,12.2,34.1,,,292.0,6.3,,1007.3,
2021-04-16,24.1,13.1,34.5,,,288.0,6.3,,1006.0,
2021-04-17,22.8,11.7,33.3,,,279.0,6.3,,1005.8,
2021-04-18,22.0,10.1,31.9,,,282.0,5.5,,1006.6,
2021-04-19,22.0,11.4,32.0,,,285.0,6.3,,1006.9,
2021-04-20,22.1,11.1,32.8,,,287.0,5.2,,1008.4,
2021-04-21,22.6,11.5,32.6,,,271.0,5.2,,1008.9,
2021-04-22,22.8,11.4,32.7,,,285.0,5.7,,1008.8,
2021-04-23,23.0,12.9,31.6,,,292.0,6.9,,1007.9,
2021-04-24,23.3,13.1,32.2,,,302.0,5.4,,1007.7,
2021-04-25,24.6,13.9,33.5,,,279.0,4.8,,1007.4,
2021-04-26,24.8,15.8,32.8,,,297.0,5.6,,1007.8,
2021-04-27,23.9,14.8,32.7,,,297.0,6.1,,1007.4,
2021-04-28,24.2,14.4,33.2,,,276.0,6.9,,1006.4,
2021-04-29,23.9,13.8,32.3,,,291.0,6.8,,1006.9,
2021-04-30,23.6,15.1,31.6,,,267.0,6.8,,1007.3,
2021-05-01,22.7,14.1,30.6,,,286.0,7.2,,1008.1,
2021-05-02,22.0,11.0,30.9,,,286.0,6.7,,1007.8,
2021-05-03,21.7,10.1,31.7,,,272.0,6.4,,1006.1,
2021-05-04,21.9,11.0,31.4,,,297.0,4.8,,1007.6,
2021-05-05,23.7,11.9,33.0,,,229.0,4.7,,1008.3,
2021-05-06,24.0,16.0,33.2,,,286.0,4.7,,1009.3,
2021-05-07,24.8,16.9,33.4,,,143.0,4.7,,1009.2,
2021-05-08,24.4,17.6,31.7,,,289.0,6.2,,1007.9,
2021-05-09,23.5,17.1,30.7,,,277.0,6.3,,1008.2,
2021-05-10,23.3,17.8,30.6,,,288.0,5.7,,1007.4,
2021-05-11,22.9,16.4,30.4,,,269.0,5.2,,1007.6,
2021-05-12,24.3,17.6,31.1,,,290.0,5.2,,1008.1,
2021-05-13,24.5,18.9,32.1,,,119.0,4.5,,1009.5,
2021-05-14,23.9,18.4,31.3,,,113.0,4.1,,1010.3,
2021-05-15,23.4,17.8,29.7,,,266.0,5.2,,1009.3,
2021-05-16,23.9,15.4,31.8,,,303.0,6.6,,1009.3,
2021-05-17,23.9,14.4,31.9,,,292.0,7.4,,1007.9,
2021-05-18,23.8,12.7,33.4,,,298.0,6.7,,1007.2,
2021-05-19,22.5,12.4,31.3,,,293.0,7.0,,1005.7,
2021-05-20,22.2,11.3,32.2,,,234.0,4.7,,1006.9,
2021-05-21,23.9,13.7,32.3,,,288.0,5.3,,1007.9,
2021-05-22,24.5,14.4,33.8,,,297.0,6.7,,1008.5,
2021-05-23,25.1,15.1,34.4,,,280.0,5.5,,1008.2,
2021-05-24,24.8,15.6,33.4,,,309.0,5.4,,1007.8,
2021-05-25,25.4,15.0,34.4,,,296.0,6.4,,1008.3,
2021-05-26,26.1,15.5,35.1,,,319.0,4.8,,1008.8,
2021-05-27,26.8,17.0,36.2,,,307.0,5.8,,1008.0,
2021-05-28,26.3,17.4,35.3,,,288.0,6.4,,1006.9,
2021-05-29,25.8,17.6,34.5,,,294.0,6.7,,1006.1,
2021-05-30,26.0,17.2,35.5,,,276.0,5.6,,1006.2,
2021-05-31,25.3,17.4,33.5,,,293.0,5.3,,1008.8,
2021-06-01,24.9,18.9,32.8,,,289.0,5.8,,1008.7,
2021-06-02,22.4,17.0,28.2,,,248.0,4.6,,1008.5,
2021-06-03,20.5,16.5,26.7,,,294.0,5.2,,1009.6,
2021-06-04,20.5,15.6,26.0,,,288.0,4.7,,1010.8,
2021-06-05,22.7,15.8,30.4,,,291.0,5.1,,1009.4,
2021-06-06,23.7,16.4,31.7,,,291.0,5.5,,1008.1,
2021-06-07,24.5,17.1,32.8,,,307.0,5.3,,1007.9,
2021-06-08,25.9,17.7,34.6,,,279.0,5.0,,1006.6,
2021-06-09,25.8,18.4,33.5,,,313.0,4.8,,1008.3,
2021-06-10,25.4,18.2,33.4,,,323.0,5.6,,1007.5,
2021-06-11,24.7,17.2,32.8,,,285.0,5.0,,1005.3,
2021-06-12,22.5,17.6,28.9,,,165.0,4.5,,1005.6,
2021-06-13,20.4,17.2,27.4,,,84.0,3.8,,1008.6,
2021-06-14,21.2,17.2,27.0,,,100.0,3.7,,1009.3,
2021-06-15,23.0,17.4,31.1,,,30.0,4.1,,1008.7,
2021-06-16,23.4,17.5,29.2,,,17.0,4.3,,1007.2,
2021-06-17,23.2,16.5,30.6,,,91.0,4.7,,1006.2,
2021-06-18,22.8,17.8,28.7,,,106.0,5.1,,1006.0,
2021-06-19,19.7,17.2,22.6,,,111.0,4.6,,1008.0,
2021-06-20,21.2,17.2,25.9,,,304.0,4.9,,1010.8,
2021-06-21,22.7,17.9,28.3,,,305.0,5.8,,1010.1,
2021-06-22,22.4,19.1,27.9,,,290.0,4.7,,1009.5,
2021-06-23,20.6,17.4,25.6,,,301.0,4.7,,1011.4,
2021-06-24,21.3,16.8,28.7,,,320.0,3.9,,1011.1,
2021-06-25,21.2,16.6,28.5,,,97.0,4.2,,1009.5,
2021-06-26,19.9,13.9,25.3,,,108.0,4.9,,1008.4,
2021-06-27,18.7,15.9,22.3,,,123.0,4.8,,1008.3,
2021-06-28,19.2,16.1,23.1,,,136.0,4.1,,1007.7,
2021-06-29,20.0,16.1,24.4,,,151.0,3.6,,1009.4,
2021-06-30,21.4,16.4,28.7,,,315.0,4.0,,1009.8,
2021-07-01,20.7,17.4,25.6,,,346.0,3.8,,1009.1,
2021-07-02,20.8,17.1,25.6,,,351.0,4.2,,1009.6,
2021-07-03,20.9,16.6,26.3,,,348.0,3.4,,1011.1,
2021-07-04,21.7,16.8,28.4,,,299.0,4.3,,1011.2,
2021-07-05,21.8,17.3,28.7,,,313.0,4.9,,1010.9,
2021-07-06,22.2,18.0,28.4,,,304.0,6.1,,1009.8,
2021-07-07,21.7,18.1,26.8,,,299.0,6.4,,1008.3,
2021-07-08,20.6,17.7,25.9,,,292.0,4.2,,1008.6,
2021-07-09,20.4,17.4,25.3,,,331.0,3.7,,1010.7,
2021-07-10,20.5,16.8,25.7,,,327.0,4.3,,1012.3,
2021-07-11,20.9,17.2,26.7,,,328.0,4.0,,1011.6,
2021-07-12,20.0,15.7,25.4,,,33.0,3.7,,1012.0,
2021-07-13,20.0,16.4,25.8,,,68.0,3.3,,1013.2,
2021-07-14,20.6,16.7,26.7,,,89.0,3.8,,1014.4,
2021-07-15,20.8,16.6,26.8,,,30.0,3.7,,1013.5,
2021-07-16,19.5,16.4,24.8,,,28.0,3.2,,1013.2,
2021-07-17,20.5,16.2,28.2,,,96.0,4.0,,1013.4,
2021-07-18,21.4,15.0,29.2,,,41.0,3.8,,1013.1,
2021-07-19,20.9,15.3,27.6,,,12.0,4.6,,1013.2,
2021-07-20,22.0,16.0,30.1,,,310.0,3.7,,1011.8,
2021-07-21,21.7,17.6,27.1,,,9.0,4.0,,1010.2,
2021-07-22,21.2,17.5,26.9,,,48.0,3.7,,1014.0,
2021-07-23,21.3,16.8,28.3,,,357.0,3.8,,1015.7,
2021-07-24,21.2,17.1,27.5,,,335.0,3.7,,1015.0,
2021-07-25,21.8,16.3,29.7,,,332.0,4.1,,1012.6,
2021-07-26,22.1,15.8,29.7,,,34.0,3.8,,1010.6,
2021-07-27,22.3,14.6,29.9,,,352.0,4.4,,1010.3,
2021-07-28,21.4,17.1,28.3,,,337.0,4.1,,1010.8,
2021-07-29,20.9,16.6,27.3,,,21.0,4.0,,1011.1,
2021-07-30,22.0,17.3,28.7,,,61.0,3.5,,1011.2,
2021-07-31,22.1,18.2,27.7,,,71.0,3.5,,1012.8,
2021-08-01,22.4,17.4,31.5,,,333.0,3.7,,1013.1,
2021-08-02,21.9,16.4,27.7,,,337.0,3.7,,1012.7,
2021-08-03,21.5,17.1,27.7,,,339.0,3.9,,1011.6,
2021-08-04,21.1,17.0,26.2,,,340.0,3.7,,1011.0,
2021-08-05,20.1,17.3,25.3,,,337.0,3.6,,1012.6,
2021-08-06,20.3,16.1,25.1,,,358.0,3.5,,1012.9,
2021-08-07,20.7,17.0,27.4,,,30.0,3.7,,1011.7,
2021-08-08,21.0,16.1,28.3,,,66.0,3.3,,1011.1,
2021-08-09,20.8,17.2,25.3,,,123.0,3.3,,1011.9,
2021-08-10,21.0,16.7,26.1,,,60.0,3.3,,1012.8,
2021-08-11,21.1,16.5,28.1,,,10.0,4.1,,1012.6,
2021-08-12,20.7,15.8,26.9,,,335.0,3.4,,1013.2,
2021-08-13,20.9,16.0,28.3,,,316.0,3.7,,1014.1,
2021-08-14,20.9,15.1,27.1,,,346.0,4.1,,1014.7,
2021-08-15,21.5,15.7,29.3,,,28.0,3.7,,1012.4,
2021-08-16,21.3,17.2,28.1,,,324.0,3.5,,1009.9,
2021-08-17,21.4,17.7,27.3,,,315.0,4.0,,1009.7,
2021-08-18,21.9,17.6,29.2,,,315.0,3.5,,1010.8,
2021-08-19,22.2,16.8,29.3,,,350.0,3.9,,1010.7,
2021-08-20,22.9,17.4,29.6,,,349.0,3.7,,1007.0,
2021-08-21,22.0,18.3,27.1,,,17.0,4.8,,1004.8,
2021-08-22,21.2,17.8,25.5,,,111.0,4.7,,1006.8,
2021-08-23,21.4,17.4,27.9,,,100.0,3.8,,1009.2,
2021-08-24,21.4,15.0,27.0,,,106.0,3.3,,1009.6,
2021-08-25,22.1,16.6,28.1,,,83.0,4.0,,1008.7,
2021-08-26,21.7,16.7,27.3,,,94.0,4.3,,1008.3,
2021-08-27,20.5,16.1,26.1,,,106.0,4.1,,1007.7,
2021-08-28,19.0,16.6,22.2,,,112.0,4.8,,1008.9,
2021-08-29,20.5,16.8,25.4,,,155.0,4.6,,1010.0,
2021-08-30,20.9,15.3,27.0,,,298.0,4.4,,1009.3,
2021-08-31,21.0,17.2,26.2,,,297.0,4.7,,1007.7,
2021-09-01,20.2,17.0,25.2,,,301.0,4.0,,1007.6,
2021-09-02,20.2,17.5,26.2,,,304.0,3.7,,1008.5,
2021-09-03,19.5,16.1,25.0,,,339.0,2.9,,1009.2,
2021-09-04,19.9,16.9,25.6,,,358.0,2.7,,1009.7,
2021-09-05,20.2,16.8,25.9,,,11.0,3.1,,1010.1,
2021-09-06,19.7,17.1,24.5,,,39.0,2.8,,1011.5,
2021-09-07,19.5,16.0,25.1,,,39.0,3.0,,1011.5,
2021-09-08,19.8,15.9,24.6,,,83.0,3.0,,1010.7,
2021-09-09,20.5,15.7,26.7,,,92.0,3.3,,1011.0,
2021-09-10,20.9,16.2,26.5,,,31.0,3.4,,1011.3,
2021-09-11,20.2,14.6,26.2,,,98.0,3.8,,1011.3,
2021-09-12,20.5,14.2,26.8,,,91.0,3.5,,1010.8,
2021-09-13,20.4,16.0,26.5,,,29.0,2.9,,1010.1,
2021-09-14,19.8,17.4,24.9,,,347.0,3.6,,1010.5,
2021-09-15,20.5,17.3,24.8,,,311.0,3.4,,1008.6,
2021-09-16,21.1,17.5,26.2,,,311.0,3.0,,1008.7,
2021-09-17,20.7,17.2,26.1,,,326.0,3.7,,1011.3,
2021-09-18,20.6,17.5,25.7,,,5.0,3.1,,1011.7,
2021-09-19,19.9,16.6,24.6,,,55.0,2.9,,1011.6,
2021-09-20,20.3,15.8,27.4,,,323.0,3.0,,1012.1,
2021-09-21,20.9,16.4,28.2,,,348.0,3.5,,1012.6,
2021-09-22,21.1,16.7,26.8,,,56.0,4.0,,1013.4,
2021-09-23,20.7,14.4,27.3,,,62.0,3.3,,1012.7,
2021-09-24,21.0,16.7,28.9,,,327.0,3.9,,1011.0,
2021-09-25,21.2,15.5,28.3,,,5.0,3.8,,1011.1,
2021-09-26,20.6,17.3,26.4,,,338.0,3.7,,1012.3,
2021-09-27,20.2,14.9,25.0,,,303.0,4.7,,1013.0,
2021-09-28,20.0,16.9,25.0,,,296.0,4.0,,1011.2,
2021-09-29,20.1,16.0,26.9,,,310.0,4.0,,1010.1,
2021-09-30,20.0,16.8,25.3,,,296.0,3.4,,1009.7,
2021-10-01,20.2,16.9,26.9,,,304.0,3.0,,1010.5,
2021-10-02,20.6,16.6,25.4,,,331.0,3.4,,1011.2,
2021-10-03,20.2,15.5,25.2,,,343.0,3.0,,1010.7,
2021-10-04,20.5,16.9,25.5,,,32.0,2.7,,1010.6,
2021-10-05,19.9,16.2,25.2,,,56.0,2.9,,1011.2,
2021-10-06,20.4,16.1,26.9,,,39.0,3.1,,1011.6,
2021-10-07,20.8,16.4,27.3,,,51.0,3.3,,1011.7,
2021-10-08,20.5,14.4,27.9,,,76.0,4.0,,1011.9,
2021-10-09,20.6,14.3,28.1,,,36.0,3.5,,1011.6,
2021-10-10,21.5,16.7,27.0,,,295.0,4.4,,1010.1,
2021-10-11,21.1,16.8,26.4,,,291.0,4.3,,1009.7,
2021-10-12,20.7,15.3,26.3,,,279.0,3.8,,1009.9,
2021-10-13,19.8,14.9,25.6,,,279.0,4.8,,1010.4,
2021-10-14,20.2,12.8,27.9,,,320.0,4.1,,1010.4,
2021-10-15,20.6,12.4,29.3,,,333.0,3.4,,1009.5,
2021-10-16,21.1,15.5,27.4,,,65.0,4.2,,1011.8,
2021-10-17,20.1,13.1,26.4,,,85.0,3.8,,1014.6,
2021-10-18,20.4,15.2,27.6,,,328.0,3.4,,1012.4,
2021-10-19,20.6,15.7,26.9,,,317.0,3.5,,1010.9,
2021-10-20,20.9,14.9,27.6,,,338.0,3.9,,1011.9,
2021-10-21,21.4,16.5,28.0,,,14.0,4.0,,1012.2,
2021-10-22,20.5,14.4,27.3,,,357.0,3.7,,1011.5,
2021-10-23,20.4,14.3,26.5,,,312.0,4.0,,1009.3,
2021-10-24,20.5,14.9,26.9,,,316.0,3.6,,1009.1,
2021-10-25,18.8,16.1,22.0,,,66.0,3.8,,1011.9,
2021-10-26,19.6,15.5,25.1,,,332.0,3.4,,1012.8,
2021-10-27,20.1,15.4,25.9,,,303.0,5.3,,1010.9,
2021-10-28,19.9,12.8,27.8,,,9.0,3.3,,1011.0,
2021-10-29,18.8,10.9,28.0,,,341.0,3.6,,1012.5,
2021-10-30,19.1,14.5,27.1,,,309.0,3.9,,1011.8,
2021-10-31,18.4,14.0,24.5,,,298.0,3.4,,1012.1,
2021-11-01,19.3,13.5,27.3,,,317.0,3.9,,1013.8,
2021-11-02,19.4,13.9,27.9,,,22.0,3.0,,1014.3,
2021-11-03,19.0,12.8,27.4,,,328.0,3.4,,1012.9,
2021-11-04,18.8,13.0,26.2,,,312.0,3.8,,1011.8,
2021-11-05,18.2,12.0,26.2,,,333.0,3.9,,1012.7,
2021-11-06,18.5,12.6,26.5,,,338.0,3.0,,1014.1,
2021-11-07,17.1,9.0,26.5,,,358.0,3.1,,1015.7,
2021-11-08,17.0,8.3,26.6,,,14.0,3.3,,1016.8,
2021-11-09,17.4,9.5,26.3,,,338.0,3.4,,1015.7,
2021-11-10,17.3,9.9,24.9,,,319.0,3.9,,1012.7,
2021-11-11,18.1,10.5,26.1,,,300.0,3.7,,1011.4,
2021-11-12,17.8,12.1,26.7,,,256.0,3.3,,1013.7,
2021-11-13,16.9,9.0,24.6,,,105.0,4.3,,1016.5,
2021-11-14,16.1,9.4,24.1,,,101.0,3.7,,1017.1,
2021-11-15,15.9,8.1,26.1,,,126.0,3.7,,1017.1,
2021-11-16,15.4,6.4,24.9,,,229.0,3.6,,1016.5,
2021-11-17,15.6,8.6,23.7,,,290.0,3.8,,1015.0,
2021-11-18,16.4,8.1,25.2,,,200.0,3.3,,1015.2,
2021-11-19,16.7,8.2,26.1,,,120.0,3.6,,1017.1,
2021-11-20,16.8,9.4,25.3,,,62.0,3.6,,1016.6,
2021-11-21,16.8,8.9,25.9,,,305.0,3.5,,1015.5,
2021-11-22,17.2,8.9,26.3,,,311.0,2.9,,1015.7,
2021-11-23,17.9,11.0,25.1,,,47.0,3.6,,1015.0,
2021-11-24,17.7,11.9,25.7,,,296.0,4.2,,1014.4,
2021-11-25,14.5,5.7,24.9,,,295.0,3.6,,1016.7,
2021-11-26,15.6,5.9,25.5,,,191.0,3.6,,1015.4,
2021-11-27,17.0,11.3,26.3,,,274.0,4.0,,1014.0,
2021-11-28,17.0,10.7,24.5,,,306.0,4.5,,1015.2,
2021-11-29,17.0,10.1,25.5,,,355.0,3.9,,1015.1,
2021-11-30,17.3,10.6,25.7,,,290.0,3.6,,1014.3,
2021-12-01,17.8,12.0,26.2,,,284.0,3.3,,1015.1,
2021-12-02,17.5,10.8,27.0,,,6.0,3.1,,1015.7,
2021-12-03,16.7,9.7,25.6,,,253.0,3.1,,1015.2,
2021-12-04,16.9,9.7,26.1,,,282.0,2.6,,1014.6,
2021-12-05,16.6,9.5,24.8,,,282.0,3.1,,1014.3,
2021-12-06,16.8,10.6,25.0,,,280.0,3.3,,1015.6,
2021-12-07,16.8,9.8,25.9,,,295.0,3.2,,1014.8,
2021-12-08,16.5,7.7,26.7,,,308.0,3.7,,1015.2,
2021-12-09,16.0,6.7,26.2,,,294.0,4.3,,1016.0,
2021-12-10,15.7,7.2,25.7,,,294.0,4.5,,1015.5,
2021-12-11,15.4,7.1,26.3,,,294.0,3.4,,1014.3,
2021-12-12,15.5,8.1,24.5,,,250.0,3.1,,1015.3,
2021-12-13,16.3,9.2,26.5,,,281.0,3.4,,1017.1,
2021-12-14,16.3,8.1,27.4,,,301.0,3.5,,1017.4,
2021-12-15,15.9,8.8,25.7,,,295.0,3.0,,1015.9,
2021-12-16,16.5,8.9,26.0,,,303.0,4.2,,1013.6,
2021-12-17,16.6,9.2,24.4,,,292.0,4.4,,1013.1,
2021-12-18,15.6,8.9,22.9,,,302.0,3.9,,1014.6,
2021-12-19,14.9,11.3,19.1,,,293.0,3.5,,1015.3,
2021-12-20,14.7,8.8,22.6,,,291.0,3.3,,1015.8,
2021-12-21,14.2,6.4,23.7,,,11.0,2.8,,1016.3,
2021-12-22,13.8,5.1,24.9,,,291.0,3.0,,1016.6,
2021-12-23,14.7,6.5,25.3,,,278.0,2.7,,1016.5,
2021-12-24,15.7,6.9,26.1,,,298.0,4.3,,1015.1,
2021-12-25,16.6,7.9,28.0,,,299.0,3.7,,1014.3,
2021-12-26,17.1,8.1,28.1,,,290.0,3.1,,1013.5,
2021-12-27,16.9,9.1,25.9,,,283.0,4.6,,1012.7,
2021-12-28,16.3,8.4,25.9,,,275.0,4.9,,1011.6,
2021-12-29,15.6,9.8,23.1,,,270.0,3.9,,1012.9,
2021-12-30,15.7,8.1,24.5,,,290.0,2.9,,1013.8,
2021-12-31,16.4,8.6,26.4,,,260.0,4.3,,1013.0,
2022-01-01,15.7,8.5,24.3,,,283.0,4.4,,1013.9,
2022-01-02,15.8,8.3,26.5,,,321.0,3.0,,1014.5,
2022-01-03,15.1,7.3,23.9,,,55.0,3.6,,1017.7,
2022-01-04,16.9,8.4,26.9,,,296.0,4.1,,1016.0,
2022-01-05,16.9,8.5,27.1,,,288.0,4.6,,1012.4,
2022-01-06,16.5,7.3,27.2,,,287.0,4.2,,1011.3,
2022-01-07,16.1,7.0,27.1,,,279.0,3.8,,1012.9,
2022-01-08,16.2,8.7,26.5,,,288.0,4.3,,1015.3,
2022-01-09,15.9,6.6,26.7,,,302.0,3.7,,1018.2,
2022-01-10,16.0,8.0,26.3,,,74.0,4.4,,1018.1,
2022-01-11,16.3,11.5,23.5,,,67.0,4.5,,1018.8,
2022-01-12,16.4,9.0,24.9,,,310.0,3.3,,1018.7,
2022-01-13,17.0,9.6,25.9,,,305.0,3.7,,1017.0,
2022-01-14,16.7,6.9,27.4,,,283.0,4.6,,1014.6,
2022-01-15,17.1,9.7,25.9,,,293.0,3.9,,1012.6,
2022-01-16,16.0,10.5,23.2,,,357.0,4.8,,1014.3,
2022-01-17,16.3,9.3,24.3,,,296.0,4.9,,1014.1,
2022-01-18,15.9,8.4,24.7,,,297.0,4.3,,1013.9,
2022-01-19,15.5,7.4,24.1,,,300.0,4.3,,1014.8,
2022-01-20,15.7,9.3,22.6,,,297.0,4.3,,1014.1,
2022-01-21,15.6,11.4,21.4,,,271.0,4.0,,1013.5,
2022-01-22,15.4,7.3,23.4,,,247.0,4.3,,1015.2,
2022-01-23,16.4,9.2,23.4,,,249.0,4.0,,1014.5,
2022-01-24,15.9,10.6,21.0,,,261.0,5.0,,1012.4,
2022-01-25,16.7,10.3,24.3,,,274.0,4.6,,1012.4,
2022-01-26,16.0,8.7,23.9,,,279.0,4.7,,1013.4,
2022-01-27,17.5,10.4,25.9,,,292.0,4.5,,1014.0,
2022-01-28,17.5,9.1,27.5,,,288.0,3.5,,1014.4,
2022-01-29,16.8,9.9,25.1,,,38.0,4.3,,1015.8,
2022-01-30,17.3,8.5,26.0,,,285.0,5.9,,1015.0,
2022-01-31,16.9,8.2,25.9,,,284.0,6.6,,1013.3,
2022-02-01,16.2,7.1,25.7,,,278.0,5.9,,1010.6,
2022-02-02,16.2,6.2,25.5,,,268.0,11.6,,1009.5,
2022-02-03,16.1,7.6,23.9,,,278.0,5.5,,1011.9,
2022-02-04,16.3,8.5,25.1,,,280.0,4.2,,1015.2,
2022-02-05,16.4,9.7,24.4,,,188.0,4.3,,1016.7,
2022-02-06,17.2,8.9,25.9,,,269.0,5.3,,1014.2,
2022-02-07,16.4,9.6,24.1,,,286.0,5.1,,1013.9,
2022-02-08,15.3,9.4,23.0,,,52.0,4.6,,1015.3,
2022-02-09,15.4,7.2,24.0,,,268.0,4.9,,1013.5,
2022-02-10,15.3,6.8,24.1,,,250.0,5.1,,1012.1,
2022-02-11,14.8,6.7,23.1,,,252.0,5.0,,1012.1,
2022-02-12,14.6,8.3,22.9,,,312.0,3.7,,1014.9,
2022-02-13,15.7,9.9,23.5,,,79.0,5.5,,1017.6,
2022-02-14,17.0,11.7,23.3,,,48.0,4.8,,1016.0,
2022-02-15,17.8,9.5,27.1,,,286.0,5.0,,1015.0,
2022-02-16,18.2,9.5,26.9,,,286.0,6.2,,1014.3,
2022-02-17,18.6,9.2,28.0,,,288.0,6.0,,1013.6,
2022-02-18,19.3,9.5,29.5,,,273.0,4.2,,1012.5,
2022-02-19,19.6,10.7,29.2,,,269.0,4.7,,1012.4,
2022-02-20,19.7,10.7,28.7,,,290.0,5.2,,1013.9,
2022-02-21,19.8,10.6,29.5,,,292.0,6.2,,1013.0,
2022-02-22,19.9,10.1,28.7,,,304.0,5.7,,1013.1,
2022-02-23,20.8,11.4,29.8,,,302.0,5.7,,1011.7,
2022-02-24,20.8,11.3,29.9,,,290.0,6.4,,1010.5,
2022-02-25,20.4,10.9,29.0,,,301.0,5.3,,1011.8,
2022-02-26,20.8,12.7,29.4,,,306.0,5.2,,1012.9,
2022-02-27,21.3,11.7,30.6,,,307.0,4.9,,1012.0,
2022-02-28,20.9,11.9,30.5,,,285.0,4.3,,1012.1,
2022-03-01,20.9,11.1,29.9,,,284.0,5.2,,1011.2,
2022-03-02,20.6,10.7,30.0,,,298.0,6.2,,1011.1,
2022-03-03,20.8,11.0,30.3,,,289.0,5.6,,1011.0,
2022-03-04,20.6,10.2,29.7,,,296.0,5.0,,1011.9,
2022-03-05,20.4,10.8,29.0,,,281.0,5.6,,1011.3,
2022-03-06,20.0,9.9,29.3,,,284.0,5.8,,1012.1,
2022-03-07,20.2,10.0,29.2,,,275.0,6.0,,1011.4,
2022-03-08,20.2,11.0,28.9,,,261.0,6.2,,1008.8,
2022-03-09,19.2,10.0,28.0,,,261.0,6.6,,1008.6,
2022-03-10,18.9,9.7,27.9,,,255.0,6.0,,1009.5,
2022-03-11,19.2,8.6,28.7,,,276.0,6.1,,1011.0,
2022-03-12,19.5,8.1,30.3,,,220.0,4.3,,1011.3,
2022-03-13,20.4,9.9,29.9,,,230.0,5.9,,1012.1,
2022-03-14,20.7,10.7,29.6,,,289.0,6.4,,1012.5,
2022-03-15,21.8,11.9,31.3,,,303.0,4.7,,1011.9,
2022-03-16,21.7,13.1,30.7,,,260.0,6.5,,1010.2,
2022-03-17,20.6,10.6,30.1,,,278.0,7.6,,1009.4,
2022-03-18,19.6,7.8,29.9,,,277.0,5.7,,1010.6,
2022-03-19,20.1,7.9,30.4,,,265.0,4.8,,1010.7,
2022-03-20,21.3,8.9,31.9,,,237.0,5.5,,1010.9,
2022-03-21,21.2,11.0,30.7,,,275.0,7.5,,1009.4,
2022-03-22,20.4,8.3,30.2,,,272.0,7.0,,1008.3,
2022-03-23,19.5,7.8,29.7,,,263.0,6.4,,1008.9,
2022-03-24,18.3,7.7,27.9,,,348.0,3.9,,1010.9,
2022-03-25,19.7,9.0,29.5,,,111.0,4.2,,1011.9,
2022-03-26,20.6,10.6,30.1,,,222.0,4.6,,1010.7,
2022-03-27,21.2,10.4,30.3,,,286.0,5.8,,1009.5,
2022-03-28,21.8,11.6,30.8,,,300.0,6.5,,1010.3,
2022-03-29,22.3,11.3,31.7,,,287.0,7.3,,1009.1,
2022-03-30,21.0,9.6,30.4,,,293.0,7.5,,1007.0,
2022-03-31,20.9,9.2,31.2,,,279.0,5.9,,1005.5,
2022-04-01,21.5,9.9,31.7,,,280.0,6.0,,1007.0,
2022-04-02,22.8,11.1,32.6,,,297.0,6.2,,1008.8,
2022-04-03,,,,,,,,,,
2022-04-04,22.4,11.4,32.0,,,286.0,7.9,,1005.2,
2022-04-05,21.7,10.7,31.0,,,280.0,6.2,,1007.0,
2022-04-06,22.0,10.9,31.9,,,290.0,5.0,,1007.5,
2022-04-07,23.4,12.9,32.9,,,257.0,5.2,,1007.1,
2022-04-08,23.0,14.4,30.4,,,206.0,4.9,,1009.2,
2022-04-09,22.5,13.9,30.3,,,270.0,5.6,,1010.0,
2022-04-10,22.1,14.0,29.6,,,274.0,6.1,,1009.1,
2022-04-11,21.9,12.1,30.0,,,302.0,6.3,,1009.3,
2022-04-12,22.1,13.5,29.4,,,299.0,5.7,,1008.6,
2022-04-13,22.7,13.1,31.2,,,306.0,5.8,,1007.4,
2022-04-14,23.4,13.2,32.0,,,295.0,5.3,,1006.0,
2022-04-15,23.9,12.5,33.7,,,301.0,5.7,,1006.8,
2022-04-16,24.4,13.3,34.1,,,308.0,6.1,,1007.6,
2022-04-17,25.1,13.3,35.0,,,314.0,6.7,,1006.2,
2022-04-18,25.3,13.9,35.3,,,300.0,5.3,,1005.6,
2022-04-19,25.5,15.4,35.1,,,272.0,5.3,,1007.2,
2022-04-20,24.8,13.3,33.6,,,282.0,6.6,,1008.1,
2022-04-21,24.7,14.7,34.0,,,295.0,6.9,,1008.3,
2022-04-22,24.4,14.2,33.3,,,295.0,5.5,,1009.1,
2022-04-23,23.9,12.3,32.8,,,297.0,7.4,,1007.4,
2022-04-24,23.5,12.7,32.7,,,293.0,6.8,,1005.4,
2022-04-25,23.7,12.0,34.2,,,287.0,6.7,,1005.8,
2022-04-26,23.4,13.4,32.7,,,202.0,4.1,,1008.1,
2022-04-27,23.0,13.6,30.5,,,59.0,4.9,,1010.5,
2022-04-28,23.7,13.9,32.7,,,307.0,7.6,,1008.5,
2022-04-29,23.3,12.2,32.8,,,299.0,6.5,,1006.4,
2022-04-30,22.8,11.2,32.3,,,285.0,5.0,,1006.1,
2022-05-01,23.5,12.5,33.0,,,255.0,4.8,,1006.7,
2022-05-02,23.9,12.6,33.3,,,286.0,5.9,,1007.8,
2022-05-03,23.8,12.5,32.2,,,290.0,5.3,,1008.0,
2022-05-04,24.3,13.7,33.5,,,296.0,5.4,,1006.8,
2022-05-05,25.1,14.9,34.0,,,310.0,7.0,,1006.6,
2022-05-06,25.8,15.3,34.8,,,304.0,5.4,,1006.5,
2022-05-07,25.8,15.1,34.5,,,300.0,7.0,,1006.3,
2022-05-08,25.6,15.3,34.6,,,306.0,6.9,,1004.7,
2022-05-09,25.5,14.1,34.8,,,299.0,6.7,,1005.2,
2022-05-10,26.6,17.0,36.2,,,300.0,4.4,,1005.6,
2022-05-11,26.5,19.2,35.0,,,81.0,4.6,,1006.8,
2022-05-12,26.0,17.2,33.8,,,17.0,5.9,,1007.2,
2022-05-13,25.7,16.8,33.8,,,305.0,5.6,,1005.8,
2022-05-14,25.1,16.7,33.7,,,289.0,5.6,,1005.9,
2022-05-15,24.7,15.4,33.1,,,288.0,4.0,,1007.6,
2022-05-16,25.2,16.4,33.6,,,286.0,5.2,,1007.3,
2022-05-17,24.9,17.2,33.3,,,296.0,5.8,,1008.9,
2022-05-18,25.0,14.6,33.5,,,293.0,6.4,,1009.4,
2022-05-19,25.2,13.9,34.6,,,305.0,7.4,,1006.5,
2022-05-20,24.3,13.3,32.9,,,300.0,6.5,,1005.5,
2022-05-21,24.6,13.6,33.5,,,312.0,6.6,,1007.3,
2022-05-22,25.3,13.9,34.5,,,304.0,5.9,,1008.3,
2022-05-23,25.0,15.0,33.7,,,292.0,6.8,,1007.0,
2022-05-24,24.0,12.9,33.1,,,287.0,9.6,,1008.7,
2022-05-25,23.8,12.0,33.5,0.0,,300.0,7.5,,1009.4,
2022-05-26,24.4,14.5,34.3,,,238.0,5.9,,1009.4,
2022-05-27,26.0,18.6,35.1,,,77.0,9.0,,1009.6,
2022-05-28,24.6,16.1,34.7,0.0,,281.0,8.0,,1010.3,
2022-05-29,23.3,16.9,32.1,1.0,,257.0,7.5,,1008.6,
2022-05-30,23.4,15.1,31.9,0.0,,300.0,9.9,,1008.2,
2022-05-31,24.4,16.5,33.1,7.3,,328.0,6.6,,1007.6,
2022-06-01,23.9,16.4,32.6,1.4,,264.0,7.6,,1009.0,
2022-06-02,23.6,16.5,33.3,0.0,,328.0,8.1,,1008.4,
2022-06-03,22.1,16.8,31.3,0.9,,236.0,6.3,,1010.8,
2022-06-04,21.3,16.8,29.4,1.7,,50.0,3.8,,1011.8,
2022-06-05,22.4,16.0,30.2,0.8,,267.0,5.0,,1010.4,
2022-06-06,22.2,17.0,32.6,7.2,,281.0,5.9,,1011.4,
2022-06-07,23.3,17.1,32.3,0.0,,298.0,7.5,,1010.0,
2022-06-08,23.1,15.5,31.7,0.0,,232.0,9.0,,1010.4,
2022-06-09,22.0,17.2,30.7,1.8,,119.0,7.9,,1012.3,
2022-06-10,21.8,16.5,29.7,5.5,,105.0,6.4,,1013.1,
2022-06-11,21.5,17.0,31.3,3.3,,293.0,6.4,,1012.9,
2022-06-12,21.2,17.2,28.5,11.6,,302.0,8.0,,1012.0,
2022-06-13,20.4,15.0,28.1,8.4,,257.0,6.7,,1012.1,
2022-06-14,22.0,16.5,28.4,5.5,,344.0,3.9,,1007.8,
2022-06-15,22.1,17.1,27.9,14.4,,77.0,4.4,,1006.0,
2022-06-16,21.8,17.8,26.9,14.0,,103.0,5.5,,1007.6,
2022-06-17,21.8,17.3,27.2,7.1,,118.0,4.3,,1009.5,
2022-06-18,21.5,16.0,28.4,0.0,,139.0,4.6,,1009.3,
2022-06-19,22.0,16.2,28.3,1.3,,245.0,3.9,,1008.9,
2022-06-20,22.5,17.0,30.3,7.7,,101.0,3.9,,1009.3,
2022-06-21,23.1,17.8,28.1,3.1,,67.0,4.4,,1009.5,
2022-06-22,22.4,17.8,27.4,17.3,,107.0,4.8,,1008.9,
2022-06-23,20.9,16.9,26.6,6.2,,108.0,5.4,,1009.6,
2022-06-24,20.6,16.6,25.9,0.9,,127.0,3.9,,1010.3,
2022-06-25,19.8,16.5,25.1,1.5,,154.0,3.6,,1011.4,
2022-06-26,20.5,16.4,26.3,2.2,,323.0,5.0,,1012.9,
2022-06-27,22.2,14.6,29.5,0.0,,26.0,4.8,,1012.2,
2022-06-28,21.9,16.3,27.7,13.5,,43.0,4.0,,1012.4,
2022-06-29,21.1,17.3,26.9,20.6,,351.0,3.8,,1013.8,
2022-06-30,21.4,17.0,27.5,12.9,,315.0,4.1,,1013.3,
2022-07-01,22.0,17.1,29.5,3.4,,329.0,4.0,,1011.6,
2022-07-02,21.7,16.7,27.3,1.5,,321.0,3.3,,1010.2,
2022-07-03,22.1,16.5,30.3,1.2,,9.0,3.5,,1010.2,
2022-07-04,22.5,15.9,30.9,0.0,,59.0,3.8,,1010.7,
2022-07-05,21.6,17.7,26.7,12.7,,54.0,3.4,,1011.2,
2022-07-06,21.8,15.9,28.8,1.7,,18.0,4.1,,1010.6,
2022-07-07,21.9,17.2,28.1,14.5,,344.0,3.8,,1010.4,
2022-07-08,21.1,16.9,26.7,9.3,,80.0,3.7,,1012.4,
2022-07-09,22.3,16.4,28.5,10.1,,343.0,3.6,,1013.9,
2022-07-10,22.6,17.0,28.8,1.9,,325.0,3.8,,1012.8,
2022-07-11,22.5,17.4,28.6,3.9,,303.0,5.0,,1010.3,
2022-07-12,22.6,17.8,30.2,6.4,,308.0,4.4,,1009.4,
2022-07-13,22.5,17.9,28.1,5.8,,347.0,3.9,,1009.9,
2022-07-14,22.5,16.5,28.9,2.4,,24.0,3.5,,1010.4,
2022-07-15,21.7,17.5,27.5,9.6,,66.0,3.8,,1011.7,
2022-07-16,21.0,17.1,25.8,13.6,,90.0,3.4,,1011.1,
2022-07-17,21.1,17.4,26.0,17.5,,84.0,3.4,,1011.2,
2022-07-18,20.4,15.1,26.3,10.7,,135.0,3.4,,1013.1,
2022-07-19,22.0,14.8,29.8,0.0,,341.0,4.0,,1013.0,
2022-07-20,22.8,17.5,29.1,0.0,,313.0,5.0,,1011.8,
2022-07-21,23.6,17.3,31.4,0.0,,327.0,4.9,,1009.4,
2022-07-22,21.7,16.1,27.3,3.4,,33.0,4.5,,1009.9,
2022-07-23,21.3,16.2,27.6,7.5,,303.0,3.8,,1011.5,
2022-07-24,20.7,15.8,28.3,2.5,,348.0,3.4,,1011.8,
2022-07-25,20.5,16.6,26.4,0.3,,172.0,3.3,,1011.4,
2022-07-26,20.8,16.8,26.0,13.6,,344.0,3.4,,1011.5,
2022-07-27,20.6,16.7,26.0,10.1,,312.0,3.5,,1011.8,
2022-07-28,20.2,16.3,26.2,0.9,,322.0,3.4,,1011.5,
2022-07-29,20.2,16.1,26.1,12.0,,351.0,3.5,,1011.7,
2022-07-30,20.0,16.6,26.3,10.9,,358.0,3.7,,1013.1,
2022-07-31,20.5,16.1,26.8,8.5,,347.0,3.4,,1013.7,
2022-08-01,20.6,16.3,26.4,0.1,,346.0,3.7,,1013.4,
2022-08-02,20.4,15.5,26.2,3.6,,358.0,4.0,,1013.4,
2022-08-03,20.5,16.4,26.2,4.1,,355.0,2.8,,1011.9,
2022-08-04,21.2,15.1,27.0,3.3,,325.0,3.8,,1010.9,
2022-08-05,21.6,16.8,27.0,3.9,,340.0,3.9,,1010.0,
2022-08-06,20.6,15.1,27.1,4.3,,190.0,3.4,,1010.5,
2022-08-07,20.8,16.3,27.5,2.4,,109.0,3.4,,1011.9,
2022-08-08,21.3,16.6,27.4,1.0,,37.0,3.7,,1011.6,
2022-08-09,21.1,15.9,27.4,3.4,,285.0,3.4,,1011.6,
2022-08-10,20.4,16.0,25.9,4.2,,6.0,3.5,,1013.0,
2022-08-11,20.6,16.4,26.5,0.1,,37.0,3.5,,1013.1,
2022-08-12,21.4,17.0,28.2,0.0,,333.0,3.2,,1011.7,
2022-08-13,21.3,17.5,26.2,9.8,,319.0,3.7,,1011.7,
2022-08-14,20.5,16.5,25.2,3.5,,323.0,3.2,,1011.2,
2022-08-15,20.3,16.8,24.5,3.8,,327.0,2.8,,1009.6,
2022-08-16,19.8,16.4,24.8,11.3,,155.0,2.7,,1009.9,
2022-08-17,19.9,16.7,24.6,5.5,,350.0,3.3,,1011.7,
2022-08-18,20.6,15.3,26.7,1.3,,326.0,3.0,,1011.7,
2022-08-19,20.9,16.1,26.7,4.5,,332.0,3.1,,1010.1,
2022-08-20,19.9,15.3,25.6,10.7,,260.0,3.3,,1012.1,
2022-08-21,21.0,15.7,26.5,3.5,,315.0,3.9,,1013.3,
2022-08-22,21.3,16.5,26.7,6.6,,328.0,3.9,,1011.0,
2022-08-23,21.0,16.2,26.7,3.1,,292.0,3.4,,1008.9,
2022-08-24,21.2,16.8,26.7,0.2,,322.0,3.6,,1009.2,
2022-08-25,22.0,16.2,28.0,1.8,,345.0,3.7,,1010.0,
2022-08-26,22.2,17.8,27.9,1.1,,337.0,4.1,,1009.9,
2022-08-27,21.1,17.2,27.3,2.8,,290.0,4.1,,1009.7,
2022-08-28,21.1,17.3,26.7,8.8,,304.0,3.9,,1008.0,
2022-08-29,21.2,17.3,27.6,7.3,,302.0,3.2,,1007.8,
2022-08-30,21.0,16.4,26.6,22.0,,333.0,2.7,,1009.7,
2022-08-31,21.2,17.0,26.1,10.1,,49.0,2.9,,1010.3,
2022-09-01,21.1,17.3,26.5,2.5,,92.0,3.3,,1009.9,
2022-09-02,21.9,17.0,28.1,3.0,,25.0,3.1,,1008.5,
2022-09-03,22.3,17.2,28.4,0.4,,28.0,4.3,,1008.1,
2022-09-04,22.2,17.9,28.8,3.7,,90.0,4.2,,1007.1,
2022-09-05,21.0,18.3,25.0,2.6,,113.0,4.3,,1007.5,
2022-09-06,20.6,17.1,25.2,0.0,,125.0,4.1,,1011.8,
2022-09-07,21.0,16.7,26.4,0.0,,39.0,3.8,,1013.5,
2022-09-08,21.2,17.2,26.8,2.3,,324.0,4.8,,1010.0,
2022-09-09,20.9,17.4,26.4,2.1,,320.0,3.8,,1006.3,
2022-09-10,20.8,16.1,27.7,13.7,,336.0,3.5,,1008.0,
2022-09-11,21.5,16.8,27.6,0.6,,36.0,3.7,,1011.3,
2022-09-12,20.6,16.2,25.8,0.0,,46.0,3.4,,1011.8,
2022-09-13,20.5,16.5,27.1,0.1,,6.0,2.9,,1009.2,
2022-09-14,20.9,16.7,28.1,0.0,,16.0,3.2,,1008.3,
2022-09-15,21.1,15.7,27.3,3.4,,64.0,3.5,,1008.8,
2022-09-16,20.9,16.2,25.8,1.3,,87.0,3.9,,1009.3,
2022-09-17,20.6,16.6,26.4,3.6,,102.0,3.7,,1008.3,
2022-09-18,19.9,17.5,23.7,0.2,,116.0,4.6,,1008.4,
2022-09-19,20.2,17.0,25.1,10.0,,111.0,3.6,,1008.8,
2022-09-20,19.8,15.9,25.1,6.9,,103.0,3.1,,1010.1,
2022-09-21,20.0,16.4,26.4,0.5,,98.0,2.9,,1010.1,
2022-09-22,20.3,15.9,26.9,0.0,,81.0,3.0,,1010.1,
2022-09-23,20.5,14.4,27.5,0.8,,57.0,2.6,,1010.5,
2022-09-24,21.0,15.3,27.9,0.0,,355.0,3.5,,1011.4,
2022-09-25,21.7,16.7,28.6,0.0,,341.0,3.8,,1009.2,
2022-09-26,21.3,16.4,27.1,0.0,,54.0,3.6,,1008.0,
2022-09-27,20.5,16.1,25.8,0.1,,93.0,4.3,,1010.5,
2022-09-28,20.4,15.3,25.9,0.0,,86.0,4.0,,1013.1,
2022-09-29,19.9,14.8,26.7,0.0,,97.0,3.8,,1013.9,
2022-09-30,19.1,12.9,25.9,0.0,,106.0,2.9,,1011.5,
2022-10-01,19.4,12.7,27.3,0.0,,122.0,3.0,,1009.3,
2022-10-02,19.2,15.7,24.3,0.4,,123.0,3.8,,1010.3,
2022-10-03,19.1,16.3,23.2,10.8,,122.0,3.2,,1012.5,
2022-10-04,19.5,13.9,26.6,2.6,,300.0,3.6,,1012.0,
2022-10-05,19.5,15.8,25.1,4.7,,300.0,3.4,,1011.6,
2022-10-06,19.2,15.1,24.8,3.3,,299.0,2.5,,1012.9,
2022-10-07,18.9,14.9,24.6,11.9,,62.0,2.7,,1014.2,
2022-10-08,19.3,14.6,25.5,0.1,,75.0,3.0,,1014.8,
2022-10-09,19.8,12.8,25.9,0.0,,79.0,3.9,,1014.5,
2022-10-10,19.7,13.9,26.0,0.0,,85.0,3.8,,1012.9,
2022-10-11,20.2,13.1,27.9,0.0,,59.0,3.3,,1012.0,
2022-10-12,20.6,14.5,28.0,0.0,,348.0,3.0,,1011.3,
2022-10-13,20.5,13.1,29.4,0.0,,354.0,3.2,,1011.0,
2022-10-14,20.9,13.9,28.7,0.0,,285.0,2.8,,1009.9,
2022-10-15,21.6,16.1,28.5,0.0,,320.0,2.9,,1010.3,
2022-10-16,21.6,16.0,28.8,0.0,,305.0,3.4,,1009.6,
2022-10-17,20.7,16.2,26.5,2.1,,317.0,3.5,,1008.9,
2022-10-18,20.2,16.6,26.3,5.6,,301.0,2.8,,1009.7,
2022-10-19,19.5,16.1,24.4,0.3,,78.0,3.8,,1012.6,
2022-10-20,19.2,13.9,25.9,0.0,,78.0,2.9,,1013.2,
2022-10-21,19.3,13.4,26.7,0.0,,109.0,2.6,,1011.6,
2022-10-22,19.6,15.4,25.7,0.0,,132.0,2.7,,1010.5,
2022-10-23,19.7,16.0,24.7,0.3,,329.0,3.7,,1010.6,
2022-10-24,20.2,14.6,26.6,0.0,,291.0,4.4,,1011.4,
2022-10-25,20.6,14.7,28.4,0.0,,306.0,3.9,,1011.3,
2022-10-26,20.4,13.4,28.3,0.0,,307.0,4.3,,1010.7,
2022-10-27,20.2,13.1,27.9,0.0,,281.0,4.6,,1010.6,
2022-10-28,19.6,11.1,29.2,0.0,,302.0,3.7,,1011.8,
2022-10-29,18.9,9.9,28.3,0.0,,321.0,3.4,,1013.5,
2022-10-30,19.0,12.0,26.8,0.0,,302.0,4.3,,1011.8,
2022-10-31,18.3,10.2,26.1,0.0,,289.0,3.8,,1010.6,
2022-11-01,18.2,10.2,26.9,0.0,,295.0,3.3,,1012.7,
2022-11-02,18.9,10.8,27.8,0.0,,335.0,2.5,,1015.5,
2022-11-03,19.1,11.8,27.9,0.0,,323.0,3.2,,1014.5,
2022-11-04,19.0,11.3,27.3,0.0,,305.0,4.1,,1012.5,
2022-11-05,18.3,10.6,27.9,0.0,,302.0,3.5,,1010.8,
2022-11-06,18.6,9.5,28.7,0.0,,327.0,2.9,,1010.6,
2022-11-07,19.1,10.6,28.9,0.0,,291.0,3.0,,1012.2,
2022-11-08,19.1,10.4,28.1,0.0,,51.0,2.8,,1014.0,
2022-11-09,18.8,10.9,27.5,0.0,,317.0,2.8,,1014.0,
2022-11-10,18.7,11.6,26.8,0.0,,296.0,4.1,,1011.2,
2022-11-11,18.1,10.6,26.9,0.0,,293.0,4.0,,1010.4,
2022-11-12,18.0,9.9,27.2,0.0,,283.0,3.4,,1012.0,
2022-11-13,18.4,10.0,26.7,0.0,,268.0,3.4,,1012.8,
2022-11-14,17.8,11.0,25.5,0.0,,291.0,4.0,,1012.8,
2022-11-15,17.8,10.1,26.7,0.0,,300.0,3.3,,1014.1,
2022-11-16,18.1,10.3,27.1,0.0,,292.0,3.2,,1015.3,
2022-11-17,18.5,10.9,26.9,0.0,,308.0,3.4,,1014.4,
2022-11-18,18.3,11.6,25.9,0.0,,310.0,3.2,,1013.0,
2022-11-19,18.1,11.8,25.2,0.6,,294.0,2.7,,1012.9,
2022-11-20,17.8,14.3,22.7,6.9,,190.0,2.4,,1013.5,
2022-11-21,17.4,13.5,23.3,4.3,,50.0,2.6,,1014.6,
2022-11-22,17.8,12.8,25.3,0.4,,87.0,2.4,,1015.1,
2022-11-23,18.3,12.3,24.9,0.0,,295.0,3.3,,1013.0,
2022-11-24,17.9,12.0,24.7,0.0,,296.0,3.7,,1011.9,
2022-11-25,17.7,11.0,26.5,0.0,,290.0,3.3,,1011.9,
2022-11-26,17.2,10.1,26.3,0.0,,300.0,3.0,,1013.3,
2022-11-27,17.1,9.6,26.0,0.0,,294.0,3.2,,1014.2,
2022-11-28,17.6,10.0,26.7,0.0,,302.0,3.0,,1013.0,
2022-11-29,17.8,10.7,26.5,0.0,,300.0,3.4,,1011.7,
2022-11-30,18.4,9.8,27.7,0.0,,325.0,2.5,,1012.1,
2022-12-01,19.5,14.4,27.2,0.0,,60.0,3.0,,1013.8,
2022-12-02,18.8,12.4,27.1,0.0,,339.0,2.5,,1014.9,
2022-12-03,18.7,12.3,27.1,0.0,,29.0,2.4,,1016.1,
2022-12-04,18.8,13.5,27.2,0.0,,33.0,2.4,,1016.4,
2022-12-05,17.6,9.3,27.2,0.0,,291.0,2.6,,1013.5,
2022-12-06,18.2,11.0,27.6,0.0,,307.0,2.7,,1012.7,
2022-12-07,18.6,11.6,27.0,0.0,,306.0,3.0,,1014.7,
2022-12-08,17.5,11.3,25.9,0.0,,325.0,2.4,,1015.2,
2022-12-09,16.1,8.7,26.3,0.0,,334.0,2.2,,1014.6,
2022-12-10,16.6,9.5,25.1,0.0,,298.0,3.5,,1014.4,
2022-12-11,16.8,9.8,25.3,0.0,,297.0,3.7,,1014.3,
2022-12-12,16.5,8.3,26.1,0.0,,300.0,3.4,,1013.4,
2022-12-13,15.8,7.7,24.7,0.0,,296.0,3.7,,1012.1,
2022-12-14,14.5,6.8,24.0,0.0,,278.0,3.3,,1012.4,
2022-12-15,14.2,5.7,25.3,0.0,,280.0,2.9,,1013.3,
2022-12-16,14.2,5.4,25.1,0.0,,277.0,3.0,,1013.0,
2022-12-17,14.6,7.2,24.1,0.0,,281.0,2.1,,1012.5,
2022-12-18,15.0,7.9,24.2,0.0,,231.0,2.1,,1013.7,
2022-12-19,15.0,6.1,24.8,0.0,,266.0,2.7,,1016.0,
2022-12-20,15.2,7.5,25.3,0.0,,270.0,2.6,,1016.4,
2022-12-21,15.5,8.3,23.0,0.0,,279.0,2.5,,1015.5,
2022-12-22,16.2,9.5,25.6,0.0,,288.0,3.2,,1014.8,
2022-12-23,15.4,7.2,24.7,0.0,,316.0,2.6,,1016.2,
2022-12-24,16.6,10.0,24.9,0.2,,272.0,3.4,,1015.3,
2022-12-25,15.1,7.7,23.7,0.2,,287.0,3.0,,1015.5,
2022-12-26,13.8,6.9,22.1,0.0,,219.0,2.1,,1017.4,
2022-12-27,13.7,5.8,23.2,0.0,,139.0,2.5,,1018.5,
2022-12-28,14.8,7.2,23.1,0.0,,265.0,3.7,,1016.6,
2022-12-29,13.7,6.5,21.5,0.0,,269.0,3.4,,1017.2,
2022-12-30,14.1,7.4,22.3,0.0,,272.0,3.7,,1016.1,
2022-12-31,14.4,8.2,22.5,0.9,,234.0,2.7,,1016.3,
2023-01-01,15.5,8.5,23.5,0.0,,257.0,2.4,,1016.3,
2023-01-02,15.0,8.7,21.6,0.0,,257.0,3.7,,1015.7,
2023-01-03,15.6,8.8,24.7,0.0,,282.0,3.3,,1015.6,
2023-01-04,15.3,8.1,24.7,0.0,,304.0,2.3,,1016.6,
2023-01-05,15.9,7.9,27.4,0.0,,290.0,2.2,,1017.4,
2023-01-06,16.0,8.3,26.1,0.0,,308.0,2.2,,1017.7,
2023-01-07,16.0,8.6,25.3,0.0,,307.0,2.7,,1017.7,
2023-01-08,15.6,7.6,25.6,0.0,,302.0,2.4,,1017.5,
2023-01-09,15.2,7.8,24.9,0.0,,285.0,3.2,,1017.8,
2023-01-10,15.2,7.2,25.1,0.0,,272.0,2.7,,1017.7,
2023-01-11,15.7,8.2,24.4,0.0,,287.0,2.7,,1016.5,
2023-01-12,16.0,8.0,24.8,0.0,,329.0,2.6,,1017.2,
2023-01-13,15.4,8.9,24.1,0.0,,56.0,2.7,,1018.5,
2023-01-14,14.5,6.7,24.3,0.0,,4.0,2.7,,1018.1,
2023-01-15,15.4,7.3,24.3,0.0,,289.0,4.3,,1016.0,
2023-01-16,14.0,5.9,23.7,0.0,,299.0,3.1,,1015.1,
2023-01-17,14.5,4.2,26.2,0.0,,265.0,3.0,,1012.4,
2023-01-18,14.3,4.9,26.3,0.0,,277.0,3.1,,1012.3,
2023-01-19,15.3,6.1,26.4,0.0,,292.0,2.6,,1013.3,
2023-01-20,15.8,7.1,25.2,0.0,,298.0,3.1,,1014.4,
2023-01-21,16.2,7.7,25.2,0.0,,280.0,3.7,,1013.3,
2023-01-22,16.0,8.0,25.1,0.0,,272.0,3.1,,1011.5,
2023-01-23,16.2,8.5,25.1,0.0,,244.0,3.7,,1011.6,
2023-01-24,16.1,8.4,24.7,0.0,,247.0,4.5,,1013.2,
2023-01-25,15.2,7.4,24.8,0.0,,287.0,2.5,,1013.7,
2023-01-26,15.6,6.9,25.3,0.0,,261.0,2.7,,1013.9,
2023-01-27,16.2,8.3,25.5,0.0,,240.0,3.3,,1014.4,
2023-01-28,15.8,8.1,23.9,0.0,,282.0,3.6,,1015.3,
2023-01-29,17.8,10.0,27.9,0.0,,273.0,3.0,,1014.2,
2023-01-30,18.2,9.5,27.5,0.0,,302.0,3.7,,1013.4,
2023-01-31,18.5,10.3,27.9,0.0,,271.0,3.7,,1012.2,
2023-02-01,18.1,9.7,26.7,0.0,,270.0,3.7,,1013.3,
2023-02-02,17.6,9.5,26.3,0.0,,302.0,3.6,,1015.1,
2023-02-03,17.2,10.4,26.2,0.0,,72.0,4.6,,1016.7,
2023-02-04,16.5,8.2,25.1,0.0,,21.0,2.7,,1018.2,
2023-02-05,17.8,9.2,27.7,0.0,,327.0,2.6,,1015.8,
2023-02-06,18.3,9.9,26.8,0.0,,297.0,3.7,,1013.1,
2023-02-07,18.2,9.4,27.5,0.0,,291.0,4.6,,1011.7,
2023-02-08,17.9,9.1,26.0,0.0,,291.0,3.9,,1012.3,
2023-02-09,17.5,9.0,27.0,0.0,,295.0,3.4,,1012.8,
2023-02-10,17.8,9.1,26.4,0.0,,311.0,3.3,,1012.9,
2023-02-11,17.2,10.2,24.1,0.0,,105.0,4.4,,1013.9,
2023-02-12,18.3,10.4,25.9,0.0,,275.0,3.8,,1012.7,
2023-02-13,18.6,9.6,26.9,0.0,,270.0,4.8,,1012.0,
2023-02-14,17.4,8.6,26.5,0.0,,278.0,4.2,,1011.3,
2023-02-15,17.4,8.0,26.4,0.0,,261.0,4.7,,1011.3,
2023-02-16,17.8,8.5,27.8,0.0,,287.0,3.9,,1011.1,
2023-02-17,19.0,9.1,29.3,0.0,,201.0,3.0,,1010.8,
2023-02-18,19.0,11.0,27.3,0.0,,339.0,2.9,,1013.1,
2023-02-19,19.6,11.7,27.9,0.0,,297.0,4.3,,1013.6,
2023-02-20,20.0,10.9,28.1,0.0,,299.0,4.3,,1013.1,
2023-02-21,19.6,12.3,27.2,0.0,,279.0,5.4,,1010.9,
2023-02-22,18.4,10.9,25.2,0.0,,272.0,5.6,,1011.9,
2023-02-23,17.4,9.3,25.4,0.0,,304.0,3.4,,1014.0,
2023-02-24,19.7,10.4,29.1,0.0,,316.0,3.3,,1013.4,
2023-02-25,20.1,11.4,29.0,0.0,,291.0,4.5,,1013.3,
2023-02-26,19.9,10.8,29.4,0.0,,294.0,4.1,,1012.7,
2023-02-27,20.2,9.5,30.9,0.0,,300.0,4.5,,1010.7,
2023-02-28,20.9,10.5,30.7,0.0,,301.0,3.7,,1009.5,
2023-03-01,20.7,11.3,29.4,0.0,,288.0,5.1,,1010.0,
2023-03-02,19.5,10.5,28.5,0.0,,303.0,6.3,,1008.5,
2023-03-03,19.0,8.1,29.5,0.0,,295.0,4.4,,1005.9,
2023-03-04,19.2,9.1,29.8,0.0,,296.0,4.0,,1008.0,
2023-03-05,20.6,10.2,31.5,0.0,,292.0,3.7,,1009.4,
2023-03-06,21.3,10.5,31.4,0.0,,308.0,4.3,,1010.4,
2023-03-07,21.1,11.0,30.6,0.0,,298.0,4.8,,1009.8,
2023-03-08,21.3,10.5,31.7,0.0,,301.0,4.8,,1009.3,
2023-03-09,21.0,10.6,31.4,0.0,,305.0,4.9,,1009.4,
2023-03-10,21.9,12.5,30.9,0.0,,306.0,4.7,,1008.8,
2023-03-11,21.1,11.3,30.4,0.0,,305.0,5.1,,1008.7,
2023-03-12,21.0,11.6,30.0,0.0,,287.0,4.9,,1008.8,
2023-03-13,21.3,11.4,31.9,0.5,,270.0,4.9,,1008.8,
2023-03-14,20.6,10.7,29.8,0.0,,282.0,4.6,,1010.8,
2023-03-15,20.4,11.6,30.3,1.3,,207.0,3.7,,1011.9,
2023-03-16,20.2,11.4,28.9,0.0,,267.0,5.2,,1011.7,
2023-03-17,19.8,9.7,29.2,0.0,,276.0,5.0,,1010.4,
2023-03-18,19.5,10.1,27.8,0.0,,271.0,5.2,,1009.8,
2023-03-19,19.0,10.4,28.4,0.0,,246.0,4.7,,1012.3,
2023-03-20,19.3,10.1,29.1,0.0,,254.0,5.0,,1012.4,
2023-03-21,20.2,10.6,29.9,0.0,,275.0,5.1,,1012.6,
2023-03-22,21.8,11.6,32.6,0.0,,270.0,4.1,,1012.1,
2023-03-23,22.8,12.0,33.3,0.0,,293.0,5.0,,1011.2,
2023-03-24,21.8,11.6,30.9,0.0,,304.0,5.1,,1010.3,
2023-03-25,21.5,10.1,31.1,0.0,,297.0,4.4,,1008.3,
2023-03-26,21.4,9.9,32.6,0.0,,301.0,4.5,,1008.1,
2023-03-27,21.8,11.2,31.3,0.0,,291.0,5.0,,1008.4,
2023-03-28,22.7,11.3,33.0,0.0,,299.0,4.8,,1008.8,
2023-03-29,22.4,11.4,32.7,0.0,,247.0,4.2,,1009.0,
2023-03-30,22.3,13.0,32.2,0.0,,291.0,4.2,,1009.2,
2023-03-31,22.3,11.7,31.2,0.0,,308.0,4.3,,1010.1,
2023-04-01,23.4,12.9,34.1,0.0,,304.0,4.0,,1009.6,
2023-04-02,,,,,,,,,,
2023-04-03,23.7,13.5,33.3,0.0,,298.0,5.4,,1006.6,
2023-04-04,21.9,13.1,30.0,0.0,,297.0,5.7,,1007.1,
2023-04-05,22.4,13.5,32.5,0.0,,280.0,4.5,,1006.7,
2023-04-06,22.1,13.3,31.6,0.0,,267.0,4.4,,1007.2,
2023-04-07,21.8,12.3,29.7,0.0,,255.0,4.7,,1008.4,
2023-04-08,22.5,12.7,32.4,0.0,,249.0,4.1,,1008.6,
2023-04-09,22.5,12.5,30.6,0.0,,274.0,5.0,,1010.0,
2023-04-10,22.9,14.1,31.0,0.0,,267.0,5.1,,1009.7,
2023-04-11,22.8,13.1,30.7,0.0,,328.0,4.8,,1009.8,
2023-04-12,22.8,14.2,30.8,0.0,,251.0,5.1,,1008.3,
2023-04-13,21.6,12.3,30.0,0.0,,280.0,6.9,,1006.9,
2023-04-14,21.4,11.1,30.3,0.0,,281.0,6.6,,1008.2,
2023-04-15,21.5,11.6,30.0,0.4,,304.0,6.2,,1010.5,
2023-04-16,22.7,11.9,32.2,0.0,,322.0,4.1,,1010.3,
2023-04-17,23.1,14.0,31.6,0.0,,222.0,5.2,,1008.8,
2023-04-18,22.7,12.9,30.8,0.0,,292.0,6.6,,1008.2,
2023-04-19,23.5,12.9,32.8,0.0,,289.0,6.6,,1007.1,
2023-04-20,24.5,13.9,33.6,0.0,,294.0,6.2,,1007.9,
2023-04-21,25.0,14.0,34.1,0.0,,300.0,6.5,,1008.1,
2023-04-22,24.6,14.1,33.6,0.0,,286.0,5.4,,1005.7,
2023-04-23,23.8,13.7,32.2,0.0,,284.0,6.1,,1005.5,
2023-04-24,22.9,12.9,31.5,0.0,,289.0,6.7,,1007.0,
2023-04-25,22.3,12.0,31.1,0.0,,292.0,7.1,,1007.9,
2023-04-26,22.2,11.8,30.9,0.0,,287.0,6.2,,1007.3,
2023-04-27,23.4,14.4,32.3,0.0,,297.0,6.2,,1006.4,
2023-04-28,22.5,11.5,32.1,0.0,,298.0,7.0,,1006.9,
2023-04-29,21.8,9.7,31.6,0.0,,304.0,3.7,,1008.4,
2023-04-30,23.2,13.1,32.7,0.0,,207.0,4.5,,1008.2,
2023-05-01,22.6,12.9,31.2,0.0,,263.0,6.3,,1007.5,
2023-05-02,23.0,12.2,32.0,0.0,,275.0,6.1,,1007.4,
2023-05-03,23.7,12.8,33.0,0.0,,271.0,4.8,,1006.4,
2023-05-04,24.2,14.9,32.7,0.0,,280.0,5.3,,1006.9,
2023-05-05,25.3,15.3,33.9,0.0,,303.0,5.2,,1008.2,
2023-05-06,26.1,15.5,35.2,0.0,,310.0,5.6,,1007.9,
2023-05-07,26.3,16.7,34.9,0.0,,302.0,5.6,,1007.6,
2023-05-08,25.8,16.2,34.5,0.0,,297.0,6.6,,1007.4,
2023-05-09,25.2,15.8,33.8,0.0,,298.0,6.7,,1008.1,
2023-05-10,24.7,15.1,33.2,0.0,,299.0,8.0,,1007.9,
2023-05-11,23.8,13.7,32.7,0.0,,298.0,7.5,,1006.9,
2023-05-12,23.4,13.8,31.8,0.0,,285.0,6.6,,1006.4,
2023-05-13,23.3,13.9,31.8,0.0,,273.0,6.6,,1005.8,
2023-05-14,23.0,13.8,30.7,0.2,,257.0,5.2,,1009.1,
2023-05-15,23.4,13.7,31.9,0.0,,280.0,4.8,,1011.4,
2023-05-16,23.6,14.9,32.1,0.0,,284.0,6.4,,1010.8,
2023-05-17,23.2,14.5,31.6,0.0,,291.0,6.0,,1009.4,
2023-05-18,23.5,14.8,31.5,2.6,,291.0,5.8,,1008.7,
2023-05-19,23.9,16.7,31.8,0.7,,293.0,4.9,,1010.3,
2023-05-20,20.6,18.1,23.4,6.7,,342.0,4.6,,1013.6,
2023-05-21,23.8,16.9,30.6,0.0,,92.0,5.1,,1011.1,
2023-05-22,24.8,17.3,32.0,0.0,,309.0,5.2,,1008.7,
2023-05-23,25.2,16.7,33.1,0.0,,303.0,5.6,,1008.1,
2023-05-24,24.9,15.7,32.8,0.0,,295.0,6.6,,1007.1,
2023-05-25,24.7,15.2,33.0,0.0,,295.0,6.1,,1005.8,
2023-05-26,25.3,15.9,34.8,0.0,,285.0,4.8,,1006.0,
2023-05-27,25.2,16.9,34.6,0.0,,266.0,5.1,,1007.4,
2023-05-28,24.5,16.0,32.6,0.0,,269.0,6.1,,1008.4,
2023-05-29,24.1,15.6,31.9,0.0,,294.0,7.3,,1008.7,
2023-05-30,24.6,14.8,33.3,0.0,,299.0,7.0,,1007.3,
2023-05-31,25.1,15.0,34.6,0.0,,286.0,5.0,,1005.7,
2023-06-01,26.0,15.8,34.7,0.0,,285.0,6.4,,1005.3,
2023-06-02,26.6,15.8,36.2,0.0,,292.0,5.7,,1004.8,
2023-06-03,26.2,16.3,36.0,0.0,,300.0,6.6,,1003.7,
2023-06-04,25.7,14.7,34.8,0.0,,303.0,5.9,,1003.3,
2023-06-05,25.3,14.2,35.9,0.0,,270.0,5.3,,1004.2,
2023-06-06,25.0,15.3,34.2,0.0,,286.0,4.5,,1005.5,
2023-06-07,25.5,16.3,34.4,0.0,,290.0,4.8,,1006.2,
2023-06-08,25.0,14.4,34.5,0.0,,280.0,6.7,,1007.9,
2023-06-09,25.8,13.8,36.3,0.0,,289.0,4.7,,1007.0,
2023-06-10,26.3,14.5,37.7,0.0,,278.0,5.4,,1005.7,
2023-06-11,26.7,14.9,37.9,0.0,,268.0,4.3,,1005.6,
2023-06-12,27.0,15.8,37.5,0.0,,295.0,5.3,,1006.1,
2023-06-13,28.6,17.9,38.9,0.0,,266.0,3.5,,1004.4,
2023-06-14,27.8,18.2,38.1,0.0,,294.0,4.0,,1004.2,
2023-06-15,28.0,18.9,38.3,0.0,,291.0,4.5,,1003.5,
2023-06-16,27.3,18.9,35.7,0.0,,268.0,5.1,,1005.2,
2023-06-17,26.8,18.8,37.3,0.0,,309.0,5.3,,1006.7,
2023-06-18,26.5,18.2,34.3,0.0,,238.0,4.2,,1006.8,
2023-06-19,27.1,18.6,37.8,0.0,,262.0,4.8,,1005.7,
2023-06-20,27.6,19.2,36.2,0.0,,285.0,3.5,,1005.1,
2023-06-21,27.8,19.6,38.1,0.0,,282.0,5.0,,1004.5,
2023-06-22,27.8,19.5,37.5,0.0,,342.0,5.1,,1003.8,
2023-06-23,28.0,19.6,35.8,0.0,,324.0,5.1,,1004.2,
2023-06-24,28.1,19.9,37.6,0.0,,1.0,5.1,,1005.3,
2023-06-25,27.4,19.1,36.3,0.5,,8.0,5.5,,1005.6,
2023-06-26,26.2,19.0,33.8,5.6,,18.0,4.5,,1005.8,
2023-06-27,24.2,18.4,31.3,7.5,,11.0,3.3,,1007.0,
2023-06-28,23.4,18.7,32.7,9.1,,11.0,3.2,,1006.7,
2023-06-29,22.2,18.2,28.9,4.9,,353.0,4.0,,1007.8,
2023-06-30,22.3,18.1,28.1,5.4,,23.0,3.7,,1009.0,
2023-07-01,21.7,17.4,26.7,3.7,,82.0,2.9,,1010.2,
2023-07-02,21.8,17.7,29.9,28.6,,348.0,2.5,,1010.0,
2023-07-03,22.0,16.8,29.1,7.5,,322.0,3.0,,1009.5,
2023-07-04,22.1,17.5,29.3,8.6,,354.0,2.9,,1010.1,
2023-07-05,23.4,17.4,32.0,9.2,,355.0,3.5,,1009.7,
2023-07-06,24.1,18.5,31.5,0.1,,345.0,4.8,,1008.0,
2023-07-07,23.4,18.9,30.7,3.8,,11.0,3.3,,1006.9,
2023-07-08,23.1,17.5,31.1,5.7,,346.0,4.2,,1008.4,
2023-07-09,22.9,18.4,29.8,2.0,,346.0,3.0,,1009.4,
2023-07-10,23.2,18.5,29.8,1.2,,48.0,3.9,,1009.8,
2023-07-11,22.3,17.6,28.5,19.0,,11.0,3.6,,1011.4,
2023-07-12,22.9,16.9,30.9,4.8,,8.0,3.3,,1011.4,
2023-07-13,23.6,16.7,31.7,0.3,,331.0,3.6,,1009.3,
2023-07-14,23.4,16.7,30.4,0.0,,340.0,3.3,,1008.8,
2023-07-15,23.4,16.1,31.9,0.0,,337.0,3.0,,1009.7,
2023-07-16,24.7,17.8,31.4,0.0,,330.0,3.1,,1009.0,
2023-07-17,24.4,17.7,31.9,0.1,,16.0,4.4,,1009.3,
2023-07-18,23.5,17.6,30.6,8.8,,53.0,2.9,,1011.4,
2023-07-19,23.0,17.0,31.5,2.8,,346.0,2.7,,1012.5,
2023-07-20,23.2,17.6,30.9,0.0,,10.0,2.6,,1011.9,
2023-07-21,23.5,17.8,30.3,9.4,,40.0,3.9,,1009.8,
2023-07-22,23.0,16.3,30.1,0.5,,357.0,3.7,,1009.3,
2023-07-23,21.2,16.3,26.7,1.2,,336.0,2.3,,1011.5,
2023-07-24,22.4,16.0,28.4,11.0,,18.0,3.6,,1012.6,
2023-07-25,20.8,18.5,25.3,17.9,,29.0,3.8,,1014.2,
2023-07-26,20.7,16.9,27.9,38.6,,50.0,3.3,,1014.1,
2023-07-27,21.3,16.1,27.9,3.4,,351.0,3.3,,1013.3,
2023-07-28,20.9,15.9,27.3,4.4,,313.0,3.4,,1012.7,
2023-07-29,21.4,14.9,28.7,0.0,,159.0,3.6,,1013.5,
2023-07-30,22.6,15.9,29.7,0.4,,54.0,2.0,,1012.5,
2023-07-31,23.1,18.4,29.4,1.6,,12.0,3.6,,1012.0,
2023-08-01,23.0,17.1,29.7,0.2,,350.0,3.4,,1012.4,
2023-08-02,23.8,18.9,30.2,0.5,,348.0,4.9,,1010.6,
2023-08-03,22.8,16.4,29.9,0.4,,338.0,4.3,,1010.6,
2023-08-04,21.3,16.3,27.3,6.7,,20.0,2.4,,1010.6,
2023-08-05,20.8,17.5,25.4,2.6,,98.0,2.9,,1012.6,
2023-08-06,21.2,16.7,26.1,17.7,,333.0,2.6,,1014.0,
2023-08-07,23.0,17.6,30.2,0.2,,338.0,4.3,,1013.7,
2023-08-08,23.8,16.9,31.3,2.6,,343.0,4.0,,1011.8,
2023-08-09,21.7,17.8,26.7,7.3,,268.0,4.8,,1011.7,
2023-08-10,22.2,17.4,28.4,0.6,,274.0,3.8,,1011.5,
2023-08-11,21.6,17.0,27.4,6.1,,312.0,3.5,,1011.7,
2023-08-12,22.8,17.9,29.4,0.5,,333.0,4.2,,1011.4,
2023-08-13,23.3,18.0,31.8,0.0,,39.0,4.1,,1010.3,
2023-08-14,23.0,18.4,29.4,3.3,,75.0,3.5,,1010.0,
2023-08-15,22.6,18.1,28.9,0.0,,68.0,3.4,,1010.5,
2023-08-16,23.0,17.2,28.2,0.0,,83.0,4.6,,1009.9,
2023-08-17,21.8,18.7,26.1,1.5,,88.0,3.9,,1009.9,
2023-08-18,20.8,18.3,26.4,11.6,,84.0,3.0,,1011.0,
2023-08-19,20.9,18.1,27.7,10.5,,17.0,3.8,,1011.2,
2023-08-20,19.6,16.8,23.7,12.7,,359.0,2.0,,1012.4,
2023-08-21,20.6,14.7,26.4,5.0,,107.0,3.2,,1011.2,
2023-08-22,21.7,15.9,28.1,0.0,,62.0,2.8,,1008.5,
2023-08-23,22.5,17.4,28.1,1.3,,8.0,3.8,,1007.5,
2023-08-24,22.6,17.4,28.7,10.0,,34.0,3.9,,1008.6,
2023-08-25,21.5,15.0,28.5,3.1,,72.0,3.1,,1009.7,
2023-08-26,21.3,16.5,26.1,3.6,,357.0,3.9,,1009.4,
2023-08-27,22.1,17.6,28.1,2.0,,19.0,3.0,,1007.9,
2023-08-28,21.2,17.6,27.9,16.6,,26.0,3.6,,1008.6,
2023-08-29,22.0,16.3,28.9,2.8,,16.0,3.0,,1009.2,
2023-08-30,21.5,17.7,27.9,2.1,,312.0,3.9,,1009.0,
2023-08-31,21.1,17.5,28.3,4.3,,21.0,4.1,,1010.5,
2023-09-01,20.6,17.3,26.7,14.0,,333.0,3.0,,1012.1,
2023-09-02,21.7,17.1,28.5,2.1,,346.0,3.1,,1012.0,
2023-09-03,23.4,17.4,30.3,0.0,,344.0,2.6,,1010.3,
2023-09-04,22.3,17.9,29.0,15.0,,2.0,3.2,,1008.3,
2023-09-05,23.0,17.9,29.7,1.1,,5.0,2.9,,1008.1,
2023-09-06,22.4,17.4,28.7,3.2,,3.0,2.7,,1009.5,
2023-09-07,20.9,16.9,27.5,2.4,,358.0,3.5,,1011.4,
2023-09-08,22.1,17.5,29.0,3.3,,353.0,3.7,,1010.9,
2023-09-09,21.4,14.7,28.3,0.0,,8.0,3.2,,1011.3,
2023-09-10,22.6,16.6,30.1,0.0,,39.0,3.2,,1010.8,
2023-09-11,22.1,15.8,29.8,0.0,,342.0,3.5,,1011.1,
2023-09-12,23.0,17.0,30.4,0.0,,1.0,3.1,,1009.7,
2023-09-13,22.8,18.1,29.9,0.0,,333.0,3.5,,1009.4,
2023-09-14,23.0,17.9,30.4,0.0,,331.0,3.8,,1008.5,
2023-09-15,23.3,19.1,30.3,0.0,,0.0,3.4,,1007.9,
2023-09-16,21.7,16.9,27.2,5.2,,353.0,2.9,,1009.9,
2023-09-17,21.0,15.9,27.0,8.2,,355.0,2.4,,1011.6,
2023-09-18,21.5,16.7,28.2,6.2,,3.0,2.9,,1011.4,
2023-09-19,22.6,18.1,29.3,0.0,,359.0,2.9,,1009.0,
2023-09-20,22.3,17.3,28.6,0.2,,352.0,3.2,,1008.6,
2023-09-21,23.1,18.9,29.9,0.0,,348.0,2.9,,1008.7,
2023-09-22,23.4,19.0,30.0,0.0,,1.0,3.4,,1008.6,
2023-09-23,23.7,18.9,30.9,0.0,,351.0,2.5,,1008.1,
2023-09-24,24.1,19.2,31.5,0.1,,309.0,3.5,,1007.8,
2023-09-25,23.7,17.5,31.0,1.6,,346.0,2.9,,1008.3,
2023-09-26,22.6,14.3,29.4,0.0,,37.0,2.9,,1010.2,
2023-09-27,23.3,18.2,30.4,0.0,,358.0,3.4,,1009.3,
2023-09-28,22.6,18.7,29.6,0.0,,314.0,4.0,,1008.0,
2023-09-29,23.2,18.4,29.7,0.3,,42.0,3.0,,1007.6,
2023-09-30,21.6,18.7,29.6,0.2,,348.0,2.6,,1009.1,
2023-10-01,22.6,17.3,29.7,0.2,,312.0,3.0,,1009.3,
2023-10-02,22.3,17.6,29.3,0.0,,356.0,3.2,,1008.8,
2023-10-03,22.6,17.4,29.1,0.5,,5.0,2.6,,1007.5,
2023-10-04,20.5,16.5,25.5,7.9,,354.0,2.0,,1008.8,
2023-10-05,21.8,16.8,29.0,0.1,,1.0,2.1,,1009.0,
2023-10-06,22.5,18.5,28.9,1.9,,37.0,3.1,,1008.1,
2023-10-07,21.1,18.4,25.4,14.8,,58.0,2.9,,1009.2,
2023-10-08,19.8,16.3,24.1,1.0,,83.0,2.8,,1011.0,
2023-10-09,19.1,15.4,23.1,0.0,,49.0,2.1,,1008.6,
2023-10-10,19.2,16.9,23.0,21.6,,93.0,2.8,,1004.7,
2023-10-11,19.7,15.1,24.3,18.2,,228.0,4.3,,1004.3,
2023-10-12,20.1,15.5,25.5,0.6,,276.0,3.4,,1006.3,
2023-10-13,20.6,16.1,27.3,0.0,,322.0,3.0,,1008.0,
2023-10-14,20.7,16.2,28.1,5.5,,357.0,2.8,,1009.7,
2023-10-15,21.6,17.1,27.7,13.9,,48.0,2.7,,1011.5,
2023-10-16,20.6,14.9,27.4,0.1,,58.0,3.3,,1012.9,
2023-10-17,18.4,11.4,25.7,0.0,,45.0,2.0,,1012.5,
2023-10-18,16.3,10.2,21.9,0.0,,341.0,1.2,,1012.0,
2023-10-19,17.9,14.2,22.9,0.7,,78.0,2.8,,1011.6,
2023-10-20,19.1,11.9,25.7,0.0,,100.0,3.2,,1011.4,
2023-10-21,20.5,16.3,25.9,0.3,,74.0,1.9,,1008.9,
2023-10-22,20.4,13.9,27.7,0.3,,285.0,2.5,,1008.9,
2023-10-23,18.5,11.0,26.9,0.0,,316.0,3.1,,1009.1,
2023-10-24,18.8,11.7,26.5,0.0,,308.0,2.3,,1009.4,
2023-10-25,19.4,13.3,27.3,0.0,,290.0,2.9,,1009.4,
2023-10-26,20.8,15.5,27.9,0.0,,337.0,2.9,,1008.7,
2023-10-27,21.4,17.6,27.1,10.3,,15.0,2.5,,1008.8,
2023-10-28,20.9,15.9,27.5,0.2,,44.0,2.4,,1009.6,
2023-10-29,21.5,16.3,28.2,0.0,,334.0,2.7,,1007.8,
2023-10-30,20.7,17.1,27.7,0.4,,346.0,2.5,,1007.7,
2023-10-31,20.4,15.8,26.3,11.5,,17.0,2.1,,1009.3,
2023-11-01,19.3,15.1,25.1,0.0,,28.0,3.1,,1011.9,
2023-11-02,18.6,12.0,26.7,0.0,,43.0,2.3,,1013.8,
2023-11-03,19.5,12.7,28.3,0.0,,0.0,1.9,,1012.8,
2023-11-04,19.0,11.3,28.4,0.0,,18.0,2.6,,1013.0,
2023-11-05,17.4,8.9,27.9,0.0,,15.0,1.2,,1012.9,
2023-11-06,17.6,8.5,28.3,0.0,,5.0,1.8,,1012.3,
2023-11-07,19.8,10.9,29.5,0.0,,332.0,2.1,,1011.2,
2023-11-08,21.5,15.1,29.5,0.0,,314.0,2.8,,1009.3,
2023-11-09,21.6,17.9,27.5,1.9,,276.0,3.8,,1008.3,
2023-11-10,19.4,15.8,25.8,3.3,,300.0,2.5,,1009.4,
2023-11-11,20.1,15.7,27.1,6.2,,336.0,2.9,,1010.3,
2023-11-12,19.9,15.9,25.7,0.4,,20.0,2.3,,1011.0,
2023-11-13,19.3,13.3,26.7,0.0,,3.0,1.9,,1012.7,
2023-11-14,19.9,14.1,27.5,0.0,,31.0,2.3,,1012.3,
2023-11-15,19.8,12.5,28.3,0.0,,16.0,2.2,,1011.9,
2023-11-16,19.6,12.8,28.4,0.0,,348.0,2.7,,1010.7,
2023-11-17,19.5,12.8,28.4,0.0,,349.0,2.3,,1010.6,
2023-11-18,19.6,12.1,29.4,0.0,,350.0,2.3,,1010.9,
2023-11-19,19.0,12.1,29.1,0.0,,319.0,2.4,,1011.1,
2023-11-20,19.7,14.8,26.7,0.0,,334.0,3.6,,1010.0,
2023-11-21,19.3,14.1,25.9,0.0,,310.0,2.4,,1009.3,
2023-11-22,16.3,14.0,18.7,15.3,,39.0,2.9,,1009.6,
2023-11-23,16.8,12.0,24.4,0.8,,275.0,2.6,,1011.4,
2023-11-24,14.4,6.9,24.3,0.0,,335.0,1.9,,1014.9,
2023-11-25,14.9,5.9,26.3,0.0,,351.0,1.8,,1014.5,
2023-11-26,15.4,7.1,26.6,0.0,,330.0,1.7,,1014.1,
2023-11-27,15.5,12.6,19.4,1.6,,353.0,1.1,,1015.6,
2023-11-28,17.9,12.5,25.1,0.0,,20.0,1.7,,1015.7,
2023-11-29,16.9,11.9,25.4,0.9,,330.0,2.0,,1013.5,
2023-11-30,17.7,12.5,25.3,0.7,,305.0,2.5,,1011.1,
2023-12-01,16.6,11.1,24.1,0.0,,265.0,2.2,,1012.3,
2023-12-02,16.6,11.7,24.4,0.6,,329.0,2.2,,1013.3,
2023-12-03,15.5,13.4,17.8,3.9,,4.0,0.8,,1014.6,
2023-12-04,14.5,13.3,15.5,14.7,,36.0,1.8,,1017.2,
2023-12-05,15.7,12.4,22.2,2.0,,69.0,2.3,,1018.1,
2023-12-06,16.6,12.5,23.4,9.0,,27.0,2.5,,1017.5,
2023-12-07,15.0,13.3,18.5,17.8,,43.0,2.0,,1016.6,
2023-12-08,15.3,9.7,23.3,0.0,,308.0,2.0,,1015.2,
2023-12-09,16.7,10.7,24.5,0.0,,337.0,2.1,,1013.8,
2023-12-10,15.8,8.9,24.5,0.3,,42.0,2.1,,1014.6,
2023-12-11,14.8,11.2,19.0,3.8,,54.0,3.0,,1015.2,
2023-12-12,13.3,6.4,21.9,0.0,,1.0,1.5,,1016.9,
2023-12-13,13.7,8.9,20.4,0.0,,32.0,1.8,,1016.9,
2023-12-14,15.8,11.8,20.9,0.0,,32.0,2.2,,1015.9,
2023-12-15,16.8,12.7,24.2,0.0,,1.0,1.7,,1013.1,
2023-12-16,16.7,11.0,24.6,0.0,,42.0,3.0,,1014.0,
2023-12-17,15.2,10.1,23.7,0.0,,12.0,2.1,,1015.4,
2023-12-18,14.5,7.2,24.9,0.0,,5.0,1.5,,1015.4,
2023-12-19,14.3,6.2,24.6,0.0,,330.0,1.5,,1014.7,
2023-12-20,15.8,8.8,24.6,0.0,,325.0,2.4,,1013.0,
2023-12-21,15.8,9.9,25.0,0.0,,282.0,1.6,,1013.7,
2023-12-22,15.0,11.1,21.9,0.4,,10.0,2.1,,1014.6,
2023-12-23,15.5,9.7,22.7,2.9,,339.0,3.0,,1013.5,
2023-12-24,15.0,9.8,21.3,0.0,,305.0,3.1,,1013.4,
2023-12-25,13.7,9.0,19.5,0.0,,282.0,3.3,,1014.5,
2023-12-26,14.0,10.9,18.3,1.2,,350.0,2.0,,1013.9,
2023-12-27,13.8,8.0,22.8,0.0,,330.0,2.7,,1014.5,
2023-12-28,12.2,4.7,21.9,0.0,,349.0,2.0,,1016.2,
2023-12-29,12.2,4.3,22.9,0.0,,350.0,2.5,,1016.0,
2023-12-30,12.2,5.7,21.8,0.0,,57.0,3.1,,1018.7,
2023-12-31,12.4,4.6,22.8,0.0,,315.0,2.8,,1018.5,
